method,true_label,pred_label,explain_time_s,dataset,sample_idx
hydra,2,2,0.0446149119961774,ProximalPhalanxTW,137
shapley_sampling,2,2,0.6396320900021237,ProximalPhalanxTW,137
feature_ablation,2,2,0.0274314839989529,ProximalPhalanxTW,137
tshap_centroid,2,2,0.0022370169972418807,ProximalPhalanxTW,137
tshap_zero,2,2,0.002362012004596181,ProximalPhalanxTW,137
tshap_train,2,2,0.03372932299680542,ProximalPhalanxTW,137
mrsqm,2,2,2.4156004656106234e-05,ProximalPhalanxTW,137
hydra,5,5,0.03038764499797253,ProximalPhalanxTW,140
shapley_sampling,5,5,0.6341072270006407,ProximalPhalanxTW,140
feature_ablation,5,5,0.027143701001477893,ProximalPhalanxTW,140
tshap_centroid,5,5,0.0021640389968524687,ProximalPhalanxTW,140
tshap_zero,5,5,0.002063048006675672,ProximalPhalanxTW,140
tshap_train,5,5,0.03145994699298171,ProximalPhalanxTW,140
mrsqm,5,5,2.6679997972678393e-05,ProximalPhalanxTW,140
hydra,5,5,0.030439823000051547,ProximalPhalanxTW,41
shapley_sampling,5,5,0.6304407159987022,ProximalPhalanxTW,41
feature_ablation,5,5,0.02732634499989217,ProximalPhalanxTW,41
tshap_centroid,5,5,0.0021860509950784035,ProximalPhalanxTW,41
tshap_zero,5,5,0.002069189999019727,ProximalPhalanxTW,41
tshap_train,5,5,0.03136714099673554,ProximalPhalanxTW,41
mrsqm,5,5,2.4305998522322625e-05,ProximalPhalanxTW,41
hydra,2,2,0.031283053001970984,ProximalPhalanxTW,190
shapley_sampling,2,2,0.6464141830001608,ProximalPhalanxTW,190
feature_ablation,2,2,0.028631424997001886,ProximalPhalanxTW,190
tshap_centroid,2,2,0.002236254993476905,ProximalPhalanxTW,190
tshap_zero,2,2,0.002107742999214679,ProximalPhalanxTW,190
tshap_train,2,2,0.03198718000203371,ProximalPhalanxTW,190
mrsqm,2,2,2.330399729544297e-05,ProximalPhalanxTW,190
hydra,2,2,0.03107565199752571,ProximalPhalanxTW,168
shapley_sampling,2,2,0.6395422109999345,ProximalPhalanxTW,168
feature_ablation,2,2,0.027312238999002147,ProximalPhalanxTW,168
tshap_centroid,2,2,0.002295026002684608,ProximalPhalanxTW,168
tshap_zero,2,2,0.0023239299989654683,ProximalPhalanxTW,168
tshap_train,2,2,0.031328688994108234,ProximalPhalanxTW,168
mrsqm,2,2,2.2952997824177146e-05,ProximalPhalanxTW,168
hydra,3,3,0.030345054998178966,ProximalPhalanxTW,149
shapley_sampling,3,3,0.6325826629981748,ProximalPhalanxTW,149
feature_ablation,3,3,0.027098275000753347,ProximalPhalanxTW,149
tshap_centroid,3,3,0.0021934340038569644,ProximalPhalanxTW,149
tshap_zero,3,3,0.002080600999761373,ProximalPhalanxTW,149
tshap_train,3,3,0.03353588999743806,ProximalPhalanxTW,149
mrsqm,3,3,2.3665001208428293e-05,ProximalPhalanxTW,149
hydra,2,2,0.03066637099982472,ProximalPhalanxTW,29
shapley_sampling,2,2,0.6340561310062185,ProximalPhalanxTW,29
feature_ablation,2,2,0.027299875000608154,ProximalPhalanxTW,29
tshap_centroid,2,2,0.0022204350025276653,ProximalPhalanxTW,29
tshap_zero,2,2,0.002109756002028007,ProximalPhalanxTW,29
tshap_train,2,2,0.03144969700224465,ProximalPhalanxTW,29
mrsqm,2,2,2.766199759207666e-05,ProximalPhalanxTW,29
hydra,1,1,0.030787799994868692,ProximalPhalanxTW,19
shapley_sampling,1,1,0.6395915040047839,ProximalPhalanxTW,19
feature_ablation,1,1,0.02872482100065099,ProximalPhalanxTW,19
tshap_centroid,1,1,0.002239369998278562,ProximalPhalanxTW,19
tshap_zero,1,1,0.0021089750007377006,ProximalPhalanxTW,19
tshap_train,1,1,0.031882121998933144,ProximalPhalanxTW,19
mrsqm,1,1,2.295300510013476e-05,ProximalPhalanxTW,19
hydra,5,5,0.031829864004976116,ProximalPhalanxTW,121
shapley_sampling,5,5,0.647675831001834,ProximalPhalanxTW,121
feature_ablation,5,5,0.027697364006598946,ProximalPhalanxTW,121
tshap_centroid,5,5,0.0022284500009845942,ProximalPhalanxTW,121
tshap_zero,5,5,0.0020866230042884126,ProximalPhalanxTW,121
tshap_train,5,5,0.03165381199505646,ProximalPhalanxTW,121
mrsqm,5,5,2.4366003344766796e-05,ProximalPhalanxTW,121
hydra,5,5,0.031236755996360444,ProximalPhalanxTW,105
shapley_sampling,5,5,0.6426608789988677,ProximalPhalanxTW,105
feature_ablation,5,5,0.02750528199976543,ProximalPhalanxTW,105
tshap_centroid,5,5,0.002221597998868674,ProximalPhalanxTW,105
tshap_zero,5,5,0.002755022003839258,ProximalPhalanxTW,105
tshap_train,5,5,0.032620614001643844,ProximalPhalanxTW,105
mrsqm,5,5,2.3704000341240317e-05,ProximalPhalanxTW,105
hydra,1,1,0.031897030006803107,ProximalPhalanxTW,183
shapley_sampling,1,1,0.6447567789946334,ProximalPhalanxTW,183
feature_ablation,1,1,0.03005555900017498,ProximalPhalanxTW,183
tshap_centroid,1,1,0.002971700996567961,ProximalPhalanxTW,183
tshap_zero,1,1,0.0028485090006142855,ProximalPhalanxTW,183
tshap_train,1,1,0.03287015399837401,ProximalPhalanxTW,183
mrsqm,1,1,2.3584994778502733e-05,ProximalPhalanxTW,183
hydra,1,1,0.031957223000063095,ProximalPhalanxTW,187
shapley_sampling,1,1,0.6387583840041771,ProximalPhalanxTW,187
feature_ablation,1,1,0.027181111006939318,ProximalPhalanxTW,187
tshap_centroid,1,1,0.0023278480002772994,ProximalPhalanxTW,187
tshap_zero,1,1,0.002396045994828455,ProximalPhalanxTW,187
tshap_train,1,1,0.03510813199682161,ProximalPhalanxTW,187
mrsqm,1,1,2.28729986702092e-05,ProximalPhalanxTW,187
hydra,5,5,0.03104495400475571,ProximalPhalanxTW,94
shapley_sampling,5,5,0.6388532819983084,ProximalPhalanxTW,94
feature_ablation,5,5,0.028012187998683657,ProximalPhalanxTW,94
tshap_centroid,5,5,0.0022808590001659468,ProximalPhalanxTW,94
tshap_zero,5,5,0.0024251309951068833,ProximalPhalanxTW,94
tshap_train,5,5,0.03186339599778876,ProximalPhalanxTW,94
mrsqm,5,5,2.3204003809951246e-05,ProximalPhalanxTW,94
hydra,1,1,0.03141661499830661,ProximalPhalanxTW,159
shapley_sampling,1,1,0.6497184019972337,ProximalPhalanxTW,159
feature_ablation,1,1,0.028711206003208645,ProximalPhalanxTW,159
tshap_centroid,1,1,0.0022478460014099255,ProximalPhalanxTW,159
tshap_zero,1,1,0.002067958004772663,ProximalPhalanxTW,159
tshap_train,1,1,0.03183859999990091,ProximalPhalanxTW,159
mrsqm,1,1,2.2691994672641158e-05,ProximalPhalanxTW,159
hydra,5,5,0.031147647998295724,ProximalPhalanxTW,22
shapley_sampling,5,5,0.652331787001458,ProximalPhalanxTW,22
feature_ablation,5,5,0.028225961003045086,ProximalPhalanxTW,22
tshap_centroid,5,5,0.002439739000692498,ProximalPhalanxTW,22
tshap_zero,5,5,0.0021545109993894584,ProximalPhalanxTW,22
tshap_train,5,5,0.03194621299917344,ProximalPhalanxTW,22
mrsqm,5,5,2.4125001800712198e-05,ProximalPhalanxTW,22
hydra,1,1,0.03100959800212877,ProximalPhalanxTW,143
shapley_sampling,1,1,0.6505261240017717,ProximalPhalanxTW,143
feature_ablation,1,1,0.02751524100312963,ProximalPhalanxTW,143
tshap_centroid,1,1,0.0022388500001397915,ProximalPhalanxTW,143
tshap_zero,1,1,0.00219406600081129,ProximalPhalanxTW,143
tshap_train,1,1,0.03399619700212497,ProximalPhalanxTW,143
mrsqm,1,1,2.3013002646621317e-05,ProximalPhalanxTW,143
hydra,5,5,0.031058859996846877,ProximalPhalanxTW,156
shapley_sampling,5,5,0.6429237539996393,ProximalPhalanxTW,156
feature_ablation,5,5,0.028644760001043323,ProximalPhalanxTW,156
tshap_centroid,5,5,0.0022111369980848394,ProximalPhalanxTW,156
tshap_zero,5,5,0.0020883469987893477,ProximalPhalanxTW,156
tshap_train,5,5,0.03189268199639628,ProximalPhalanxTW,156
mrsqm,5,5,2.3904998670332134e-05,ProximalPhalanxTW,156
hydra,5,5,0.030835689998639282,ProximalPhalanxTW,82
shapley_sampling,5,5,0.638427240002784,ProximalPhalanxTW,82
feature_ablation,5,5,0.02787912799976766,ProximalPhalanxTW,82
tshap_centroid,5,5,0.0022366159973898903,ProximalPhalanxTW,82
tshap_zero,5,5,0.0020605940007953905,ProximalPhalanxTW,82
tshap_train,5,5,0.03188648099603597,ProximalPhalanxTW,82
mrsqm,5,5,2.2683001589030027e-05,ProximalPhalanxTW,82
hydra,5,5,0.031199585006106645,ProximalPhalanxTW,130
shapley_sampling,5,5,0.6399462730041705,ProximalPhalanxTW,130
feature_ablation,5,5,0.028141442002379335,ProximalPhalanxTW,130
tshap_centroid,5,5,0.0022350919971358962,ProximalPhalanxTW,130
tshap_zero,5,5,0.0020695200000773184,ProximalPhalanxTW,130
tshap_train,5,5,0.031796932002180256,ProximalPhalanxTW,130
mrsqm,5,5,2.267300442326814e-05,ProximalPhalanxTW,130
hydra,5,5,0.030942220000724774,ProximalPhalanxTW,104
shapley_sampling,5,5,0.6367550180002581,ProximalPhalanxTW,104
feature_ablation,5,5,0.02776953099964885,ProximalPhalanxTW,104
tshap_centroid,5,5,0.002223540999693796,ProximalPhalanxTW,104
tshap_zero,5,5,0.002055655000731349,ProximalPhalanxTW,104
tshap_train,5,5,0.03168620300129987,ProximalPhalanxTW,104
mrsqm,5,5,2.2382002498488873e-05,ProximalPhalanxTW,104
