fraction,mode,perturbation,n_samples,mean_score_drop,mean_bounded_relative_score_drop,flip_rate,base_accuracy,dataset,model
0.05,bottom,global_mean,50,0.744345724515972,0.11906373632195127,0.1,0.8948734587929915,Wafer,LR
0.05,random,global_mean,50,0.1369413678240727,0.00868877091491496,0.10800000000000001,0.8948734587929915,Wafer,LR
0.05,top,global_mean,50,2.2479468254768764,0.32027588335782176,0.34,0.8948734587929915,Wafer,LR
0.1,bottom,global_mean,50,1.4596169197431634,0.23990290089999491,0.3,0.8948734587929915,Wafer,LR
0.1,random,global_mean,50,0.3302606442275633,0.046599643679564116,0.188,0.8948734587929915,Wafer,LR
0.1,top,global_mean,50,0.5134714974632892,0.00633507236012669,0.12,0.8948734587929915,Wafer,LR
0.2,bottom,global_mean,50,1.8128200290000394,0.285045452941283,0.3,0.8948734587929915,Wafer,LR
0.2,random,global_mean,50,0.016754616490674817,-0.020337360167073767,0.192,0.8948734587929915,Wafer,LR
0.2,top,global_mean,50,2.081970278317533,0.291859428856727,0.24,0.8948734587929915,Wafer,LR
