sample_idx,fraction,mode,perturbation,true_label,base_pred,masked_pred,score_before,score_after,score_drop,bounded_relative_score_drop,flipped,dataset,model
0,0.05,top,blur,0,0,0,-0.1135692315069512,-0.09005965256122117,-0.023509578945730025,-0.20700476378170538,0.0,NonInvasiveFetalECGThorax1,HYDRA
0,0.05,bottom,blur,0,0,0,-0.1135692315069512,-0.08890884868518711,-0.024660382821764082,-0.21713773490243096,0.0,NonInvasiveFetalECGThorax1,HYDRA
0,0.05,random,blur,0,0,0,-0.1135692315069512,,0.005280368060510865,0.046494296880848336,0.0,NonInvasiveFetalECGThorax1,HYDRA
0,0.1,top,blur,0,0,0,-0.1135692315069512,-0.07984973882350699,-0.03371949268344421,-0.29690432286721513,0.0,NonInvasiveFetalECGThorax1,HYDRA
0,0.1,bottom,blur,0,0,0,-0.1135692315069512,-0.1444132340118669,0.030844002504915702,0.27158527455346304,0.0,NonInvasiveFetalECGThorax1,HYDRA
0,0.1,random,blur,0,0,0,-0.1135692315069512,,-0.016239542128005692,-0.14299118626883955,0.0,NonInvasiveFetalECGThorax1,HYDRA
0,0.2,top,blur,0,0,0,-0.1135692315069512,-0.06263759846819028,-0.050931633038760915,-0.44845935737696885,0.0,NonInvasiveFetalECGThorax1,HYDRA
0,0.2,bottom,blur,0,0,0,-0.1135692315069512,-0.17783043445823832,0.06426120295128712,0.5658278767121642,0.0,NonInvasiveFetalECGThorax1,HYDRA
0,0.2,random,blur,0,0,0,-0.1135692315069512,,-0.00961340705640581,-0.08464724363811311,0.0,NonInvasiveFetalECGThorax1,HYDRA
1,0.05,top,blur,22,22,22,-0.1375463610649409,-0.14942954462780944,0.011883183562868549,0.08639339548839534,0.0,NonInvasiveFetalECGThorax1,HYDRA
1,0.05,bottom,blur,22,22,22,-0.1375463610649409,-0.09039054102233879,-0.047155820042602103,-0.34283333157033963,0.0,NonInvasiveFetalECGThorax1,HYDRA
1,0.05,random,blur,22,22,22,-0.1375463610649409,,-0.01402080767945777,-0.10193439969261249,0.0,NonInvasiveFetalECGThorax1,HYDRA
1,0.1,top,blur,22,22,22,-0.1375463610649409,-0.10082414795188543,-0.03672221311305546,-0.26697868158821036,0.0,NonInvasiveFetalECGThorax1,HYDRA
1,0.1,bottom,blur,22,22,22,-0.1375463610649409,-0.0843112711191657,-0.053235089945775194,-0.3870309799738074,0.0,NonInvasiveFetalECGThorax1,HYDRA
1,0.1,random,blur,22,22,22,-0.1375463610649409,,-0.04883645006452002,-0.3550518867567559,0.0,NonInvasiveFetalECGThorax1,HYDRA
1,0.2,top,blur,22,22,22,-0.1375463610649409,-0.10040994368945122,-0.03713641737548967,-0.26999003897978296,0.0,NonInvasiveFetalECGThorax1,HYDRA
1,0.2,bottom,blur,22,22,22,-0.1375463610649409,-0.12538308531259557,-0.012163275752345326,-0.08842972819087834,0.0,NonInvasiveFetalECGThorax1,HYDRA
1,0.2,random,blur,22,22,22,-0.1375463610649409,,-0.0594462634978522,-0.4232854305363515,0.0,NonInvasiveFetalECGThorax1,HYDRA
2,0.05,top,blur,24,24,24,0.06334302057606123,0.04264349614729812,0.020699524428763105,0.32677945353828397,0.0,NonInvasiveFetalECGThorax1,HYDRA
2,0.05,bottom,blur,24,24,24,0.06334302057606123,0.08665650368054023,-0.023313483104479005,-0.36804552177872907,0.0,NonInvasiveFetalECGThorax1,HYDRA
2,0.05,random,blur,24,24,24,0.06334302057606123,,-0.0033737840847545717,-0.05326128739654995,0.0,NonInvasiveFetalECGThorax1,HYDRA
2,0.1,top,blur,24,24,24,0.06334302057606123,0.03816436178352811,0.025178658792533115,0.3974906954682405,0.0,NonInvasiveFetalECGThorax1,HYDRA
2,0.1,bottom,blur,24,24,24,0.06334302057606123,0.07858687224578875,-0.015243851669727526,-0.24065178577389568,0.0,NonInvasiveFetalECGThorax1,HYDRA
2,0.1,random,blur,24,24,24,0.06334302057606123,,-0.014155422368177416,-0.1485255090629846,0.0,NonInvasiveFetalECGThorax1,HYDRA
2,0.2,top,blur,24,24,24,0.06334302057606123,0.03932847648157556,0.024014544094485668,0.37911303823302256,0.0,NonInvasiveFetalECGThorax1,HYDRA
2,0.2,bottom,blur,24,24,24,0.06334302057606123,0.10372614695646232,-0.04038312638040109,-0.6375207322356572,0.0,NonInvasiveFetalECGThorax1,HYDRA
2,0.2,random,blur,24,24,24,0.06334302057606123,,-0.008765807653852643,-0.13838413751029544,0.0,NonInvasiveFetalECGThorax1,HYDRA
3,0.05,top,blur,6,6,6,0.3281838051753999,0.2866146248546394,0.04156918032076051,0.12666393954023458,0.0,NonInvasiveFetalECGThorax1,HYDRA
3,0.05,bottom,blur,6,6,6,0.3281838051753999,0.3081390724669394,0.020044732708460522,0.06107757700039623,0.0,NonInvasiveFetalECGThorax1,HYDRA
3,0.05,random,blur,6,6,6,0.3281838051753999,,0.027200222847604084,0.0828808111121013,0.0,NonInvasiveFetalECGThorax1,HYDRA
3,0.1,top,blur,6,6,6,0.3281838051753999,0.27537056114866776,0.05281324402673215,0.16092531766821402,0.0,NonInvasiveFetalECGThorax1,HYDRA
3,0.1,bottom,blur,6,6,6,0.3281838051753999,0.31745538894297554,0.010728416232424376,0.03269016743992923,0.0,NonInvasiveFetalECGThorax1,HYDRA
3,0.1,random,blur,6,6,6,0.3281838051753999,,0.03779379343451032,0.11516009528323916,0.0,NonInvasiveFetalECGThorax1,HYDRA
3,0.2,top,blur,6,6,6,0.3281838051753999,0.2606923421297057,0.0674914630456942,0.20565078572002465,0.0,NonInvasiveFetalECGThorax1,HYDRA
3,0.2,bottom,blur,6,6,6,0.3281838051753999,0.29043049238931473,0.03775331278608518,0.11503674816970197,0.0,NonInvasiveFetalECGThorax1,HYDRA
3,0.2,random,blur,6,6,6,0.3281838051753999,,0.06258992527709632,0.19071548801183788,0.0,NonInvasiveFetalECGThorax1,HYDRA
5,0.05,top,blur,31,31,31,0.6569557273608788,0.5701610435569444,0.0867946838039344,0.1321162874038984,0.0,NonInvasiveFetalECGThorax1,HYDRA
5,0.05,bottom,blur,31,31,31,0.6569557273608788,0.6924377511203657,-0.035482023759486836,-0.05400968173661137,0.0,NonInvasiveFetalECGThorax1,HYDRA
5,0.05,random,blur,31,31,31,0.6569557273608788,,0.009047592397884774,0.013771976176011908,0.0,NonInvasiveFetalECGThorax1,HYDRA
5,0.1,top,blur,31,31,31,0.6569557273608788,0.5912609484433826,0.0656947789174962,0.0999986394559117,0.0,NonInvasiveFetalECGThorax1,HYDRA
5,0.1,bottom,blur,31,31,31,0.6569557273608788,0.6484923945821972,0.00846333277868161,0.012882633552867995,0.0,NonInvasiveFetalECGThorax1,HYDRA
5,0.1,random,blur,31,31,31,0.6569557273608788,,0.013147569773831025,0.020012839851183704,0.0,NonInvasiveFetalECGThorax1,HYDRA
5,0.2,top,blur,31,31,31,0.6569557273608788,0.5721305981065914,0.08482512925428742,0.1291182900204801,0.0,NonInvasiveFetalECGThorax1,HYDRA
5,0.2,bottom,blur,31,31,31,0.6569557273608788,0.6193916984601702,0.037564028900708646,0.05717884806752882,0.0,NonInvasiveFetalECGThorax1,HYDRA
5,0.2,random,blur,31,31,31,0.6569557273608788,,0.011394538123827225,0.017344427188684508,0.0,NonInvasiveFetalECGThorax1,HYDRA
6,0.05,top,blur,33,33,33,0.045740351444312766,-0.05395164634571714,0.09969199779002991,1.0,0.0,NonInvasiveFetalECGThorax1,HYDRA
6,0.05,bottom,blur,33,33,33,0.045740351444312766,0.04032369624432175,0.005416655199991016,0.11841922087906509,0.0,NonInvasiveFetalECGThorax1,HYDRA
6,0.05,random,blur,33,33,33,0.045740351444312766,,0.008803793676837235,0.1924690329177375,0.0,NonInvasiveFetalECGThorax1,HYDRA
6,0.1,top,blur,33,33,33,0.045740351444312766,-0.07883998280327498,0.12458033424758774,1.0,0.0,NonInvasiveFetalECGThorax1,HYDRA
6,0.1,bottom,blur,33,33,33,0.045740351444312766,0.005198492227217133,0.04054185921709563,0.8863284082555543,0.0,NonInvasiveFetalECGThorax1,HYDRA
6,0.1,random,blur,33,33,33,0.045740351444312766,,0.023136341181859164,0.5058079932340044,0.0,NonInvasiveFetalECGThorax1,HYDRA
6,0.2,top,blur,33,33,33,0.045740351444312766,-0.0004495066341922982,0.046189858078505064,1.0,0.0,NonInvasiveFetalECGThorax1,HYDRA
6,0.2,bottom,blur,33,33,33,0.045740351444312766,-0.019936327583749858,0.06567667902806262,1.0,0.0,NonInvasiveFetalECGThorax1,HYDRA
6,0.2,random,blur,33,33,33,0.045740351444312766,,0.048304542010854726,0.916558208837654,0.0,NonInvasiveFetalECGThorax1,HYDRA
7,0.05,top,blur,32,32,32,0.17407429285401632,0.15552998125022144,0.018544311603794883,0.10653040589365306,0.0,NonInvasiveFetalECGThorax1,HYDRA
7,0.05,bottom,blur,32,32,32,0.17407429285401632,0.17155607466111855,0.00251821819289777,0.01446625854600519,0.0,NonInvasiveFetalECGThorax1,HYDRA
7,0.05,random,blur,32,32,32,0.17407429285401632,,-0.018209166516532437,-0.10460511780843636,0.0,NonInvasiveFetalECGThorax1,HYDRA
7,0.1,top,blur,32,32,32,0.17407429285401632,0.14705059950434352,0.027023693349672806,0.1552414067878979,0.0,NonInvasiveFetalECGThorax1,HYDRA
7,0.1,bottom,blur,32,32,32,0.17407429285401632,0.11175530729261529,0.06231898556140103,0.3580001764734253,0.0,NonInvasiveFetalECGThorax1,HYDRA
7,0.1,random,blur,32,32,32,0.17407429285401632,,0.02808476361903627,0.16133687416851752,0.0,NonInvasiveFetalECGThorax1,HYDRA
7,0.2,top,blur,32,32,32,0.17407429285401632,0.16251530964261185,0.011558983211404472,0.06640220459716882,0.0,NonInvasiveFetalECGThorax1,HYDRA
7,0.2,bottom,blur,32,32,32,0.17407429285401632,0.16670478971936953,0.007369503134646793,0.04233514712985164,0.0,NonInvasiveFetalECGThorax1,HYDRA
7,0.2,random,blur,32,32,32,0.17407429285401632,,-0.021423765980044564,-0.12307183649555045,0.0,NonInvasiveFetalECGThorax1,HYDRA
8,0.05,top,blur,36,36,36,0.9644132350987085,0.9204584499137096,0.043954785184998846,0.04557666569542085,0.0,NonInvasiveFetalECGThorax1,HYDRA
8,0.05,bottom,blur,36,36,36,0.9644132350987085,0.978206893788784,-0.013793658690075539,-0.014302628671448164,0.0,NonInvasiveFetalECGThorax1,HYDRA
8,0.05,random,blur,36,36,36,0.9644132350987085,,-0.014810490995749248,-0.015356980907932558,0.0,NonInvasiveFetalECGThorax1,HYDRA
8,0.1,top,blur,36,36,36,0.9644132350987085,0.9844823517109589,-0.020069116612250415,-0.02080964370066181,0.0,NonInvasiveFetalECGThorax1,HYDRA
8,0.1,bottom,blur,36,36,36,0.9644132350987085,0.9951162631911832,-0.030703028092474716,-0.031835934160938884,0.0,NonInvasiveFetalECGThorax1,HYDRA
8,0.1,random,blur,36,36,36,0.9644132350987085,,-0.023921088675471668,-0.024803749058124724,0.0,NonInvasiveFetalECGThorax1,HYDRA
8,0.2,top,blur,36,36,36,0.9644132350987085,1.0039156901390478,-0.039502455040339335,-0.040960049740759195,0.0,NonInvasiveFetalECGThorax1,HYDRA
8,0.2,bottom,blur,36,36,36,0.9644132350987085,1.012217664578296,-0.04780442947958763,-0.04956835739229296,0.0,NonInvasiveFetalECGThorax1,HYDRA
8,0.2,random,blur,36,36,36,0.9644132350987085,,-0.059430303454203505,-0.0616232126106276,0.0,NonInvasiveFetalECGThorax1,HYDRA
9,0.05,top,blur,24,24,24,0.1402660778052076,0.16194272524455156,-0.021676647439343943,-0.15453838333644368,0.0,NonInvasiveFetalECGThorax1,HYDRA
9,0.05,bottom,blur,24,24,24,0.1402660778052076,0.13718873190560732,0.0030773458996002923,0.021939188780091927,0.0,NonInvasiveFetalECGThorax1,HYDRA
9,0.05,random,blur,24,24,24,0.1402660778052076,,-0.01674441258732844,-0.11937521512055611,0.0,NonInvasiveFetalECGThorax1,HYDRA
9,0.1,top,blur,24,24,24,0.1402660778052076,0.17799791328237125,-0.03773183547716363,-0.2689999397404056,0.0,NonInvasiveFetalECGThorax1,HYDRA
9,0.1,bottom,blur,24,24,24,0.1402660778052076,0.14277498533236632,-0.0025089075271587102,-0.017886645721976846,0.0,NonInvasiveFetalECGThorax1,HYDRA
9,0.1,random,blur,24,24,24,0.1402660778052076,,0.010766270788749121,0.07675550782985949,0.0,NonInvasiveFetalECGThorax1,HYDRA
9,0.2,top,blur,24,24,24,0.1402660778052076,0.19210354307282063,-0.051837465267613014,-0.3695625950060854,0.0,NonInvasiveFetalECGThorax1,HYDRA
9,0.2,bottom,blur,24,24,24,0.1402660778052076,0.20526730686144568,-0.06500122905623806,-0.4634104457961753,0.0,NonInvasiveFetalECGThorax1,HYDRA
9,0.2,random,blur,24,24,24,0.1402660778052076,,-0.01759632703894982,-0.1254487319069003,0.0,NonInvasiveFetalECGThorax1,HYDRA
11,0.05,top,blur,17,17,17,0.7178378203501901,0.7046451468989421,0.013192673451247972,0.018378322650218423,0.0,NonInvasiveFetalECGThorax1,HYDRA
11,0.05,bottom,blur,17,17,17,0.7178378203501901,0.7212258376178609,-0.0033880172676707954,-0.004719746510808634,0.0,NonInvasiveFetalECGThorax1,HYDRA
11,0.05,random,blur,17,17,17,0.7178378203501901,,0.010264615545669731,0.014299331903869793,0.0,NonInvasiveFetalECGThorax1,HYDRA
11,0.1,top,blur,17,17,17,0.7178378203501901,0.7265869109427254,-0.008749090592535369,-0.012188098977800082,0.0,NonInvasiveFetalECGThorax1,HYDRA
11,0.1,bottom,blur,17,17,17,0.7178378203501901,0.7317889000303974,-0.013951079680207368,-0.0194348359056445,0.0,NonInvasiveFetalECGThorax1,HYDRA
11,0.1,random,blur,17,17,17,0.7178378203501901,,-0.014477777429771388,-0.02016856294106323,0.0,NonInvasiveFetalECGThorax1,HYDRA
11,0.2,top,blur,17,17,17,0.7178378203501901,0.782048167185105,-0.06421034683491489,-0.08944953242232086,0.0,NonInvasiveFetalECGThorax1,HYDRA
11,0.2,bottom,blur,17,17,17,0.7178378203501901,0.7200092152248541,-0.002171394874664001,-0.0030249058884899943,0.0,NonInvasiveFetalECGThorax1,HYDRA
11,0.2,random,blur,17,17,17,0.7178378203501901,,-0.025246462401064963,-0.03517009903246628,0.0,NonInvasiveFetalECGThorax1,HYDRA
12,0.05,top,blur,11,11,11,-0.0013248878582317047,-0.01681325110467813,0.015488363246446424,1.0,0.0,NonInvasiveFetalECGThorax1,HYDRA
12,0.05,bottom,blur,11,11,11,-0.0013248878582317047,-0.009340348030667522,0.008015460172435818,1.0,0.0,NonInvasiveFetalECGThorax1,HYDRA
12,0.05,random,blur,11,11,11,-0.0013248878582317047,,0.011584261480987767,0.15448528242601692,0.0,NonInvasiveFetalECGThorax1,HYDRA
12,0.1,top,blur,11,11,11,-0.0013248878582317047,0.018842362175967686,-0.02016725003419939,-1.0,0.0,NonInvasiveFetalECGThorax1,HYDRA
12,0.1,bottom,blur,11,11,11,-0.0013248878582317047,0.05370433421542131,-0.05502922207365302,-1.0,0.0,NonInvasiveFetalECGThorax1,HYDRA
12,0.1,random,blur,11,11,11,-0.0013248878582317047,,-0.017301860994727282,-1.0,0.0,NonInvasiveFetalECGThorax1,HYDRA
12,0.2,top,blur,11,11,11,-0.0013248878582317047,-0.012834926192700769,0.011510038334469064,1.0,0.0,NonInvasiveFetalECGThorax1,HYDRA
12,0.2,bottom,blur,11,11,11,-0.0013248878582317047,-0.020321376520095802,0.018996488661864097,1.0,0.0,NonInvasiveFetalECGThorax1,HYDRA
12,0.2,random,blur,11,11,11,-0.0013248878582317047,,-0.0359135123858366,-1.0,0.0,NonInvasiveFetalECGThorax1,HYDRA
13,0.05,top,blur,8,8,8,-0.4027151314453695,-0.38922119271834055,-0.013493938727028976,-0.03350732109637256,0.0,NonInvasiveFetalECGThorax1,HYDRA
13,0.05,bottom,blur,8,8,8,-0.4027151314453695,-0.4567621943780137,0.05404706293264416,0.13420635209885037,0.0,NonInvasiveFetalECGThorax1,HYDRA
13,0.05,random,blur,8,8,8,-0.4027151314453695,,0.021774923285280835,0.05407015409869349,0.0,NonInvasiveFetalECGThorax1,HYDRA
13,0.1,top,blur,8,8,8,-0.4027151314453695,-0.3670091605247613,-0.03570597092060823,-0.08866287722932184,0.0,NonInvasiveFetalECGThorax1,HYDRA
13,0.1,bottom,blur,8,8,8,-0.4027151314453695,-0.4548465936043133,0.052131462158943764,0.12944964973675424,0.0,NonInvasiveFetalECGThorax1,HYDRA
13,0.1,random,blur,8,8,8,-0.4027151314453695,,0.0020186038478813505,0.005012473278973142,0.0,NonInvasiveFetalECGThorax1,HYDRA
13,0.2,top,blur,8,8,8,-0.4027151314453695,-0.3824630283926672,-0.020252103052702308,-0.05028878028803177,0.0,NonInvasiveFetalECGThorax1,HYDRA
13,0.2,bottom,blur,8,8,8,-0.4027151314453695,-0.506603788038146,0.10388865659277646,0.257969940811446,0.0,NonInvasiveFetalECGThorax1,HYDRA
13,0.2,random,blur,8,8,8,-0.4027151314453695,,-0.009366879422924468,-0.023259260534973458,0.0,NonInvasiveFetalECGThorax1,HYDRA
14,0.05,top,blur,35,35,35,0.10133235963105769,0.09855972285560688,0.0027726367754508097,0.027361540025374068,0.0,NonInvasiveFetalECGThorax1,HYDRA
14,0.05,bottom,blur,35,35,35,0.10133235963105769,0.12472216816920445,-0.02338980853814676,-0.2308204190930428,0.0,NonInvasiveFetalECGThorax1,HYDRA
14,0.05,random,blur,35,35,35,0.10133235963105769,,-0.015464740888744232,-0.1526125349544262,0.0,NonInvasiveFetalECGThorax1,HYDRA
14,0.1,top,blur,35,35,35,0.10133235963105769,0.10809691032429625,-0.006764550693238558,-0.06675541714858223,0.0,NonInvasiveFetalECGThorax1,HYDRA
14,0.1,bottom,blur,35,35,35,0.10133235963105769,0.11941804440804249,-0.0180856847769848,-0.17847710608660916,0.0,NonInvasiveFetalECGThorax1,HYDRA
14,0.1,random,blur,35,35,35,0.10133235963105769,,0.01631444091620642,0.16099773041775475,0.0,NonInvasiveFetalECGThorax1,HYDRA
14,0.2,top,blur,35,35,35,0.10133235963105769,0.12950066527607362,-0.028168305645015934,-0.2779766283045709,0.0,NonInvasiveFetalECGThorax1,HYDRA
14,0.2,bottom,blur,35,35,35,0.10133235963105769,0.1020336291562326,-0.0007012695251749079,-0.006920421149837962,0.0,NonInvasiveFetalECGThorax1,HYDRA
14,0.2,random,blur,35,35,35,0.10133235963105769,,0.0674704258160751,0.5933968184037524,0.0,NonInvasiveFetalECGThorax1,HYDRA
15,0.05,top,blur,4,4,4,1.1204069538153507,1.124222599262981,-0.003815645447630356,-0.003405585826695403,0.0,NonInvasiveFetalECGThorax1,HYDRA
15,0.05,bottom,blur,4,4,4,1.1204069538153507,1.136740143815031,-0.016333189999680364,-0.014577895438943094,0.0,NonInvasiveFetalECGThorax1,HYDRA
15,0.05,random,blur,4,4,4,1.1204069538153507,,-0.010363509982879115,-0.009249764737556548,0.0,NonInvasiveFetalECGThorax1,HYDRA
15,0.1,top,blur,4,4,4,1.1204069538153507,1.1183420494207303,0.0020649043946203705,0.001842993337907594,0.0,NonInvasiveFetalECGThorax1,HYDRA
15,0.1,bottom,blur,4,4,4,1.1204069538153507,1.190499809483708,-0.07009285566835732,-0.06256011966861583,0.0,NonInvasiveFetalECGThorax1,HYDRA
15,0.1,random,blur,4,4,4,1.1204069538153507,,-0.030971390551544253,-0.027642958483181664,0.0,NonInvasiveFetalECGThorax1,HYDRA
15,0.2,top,blur,4,4,4,1.1204069538153507,1.139022233075373,-0.018615279260022266,-0.016614733228759428,0.0,NonInvasiveFetalECGThorax1,HYDRA
15,0.2,bottom,blur,4,4,4,1.1204069538153507,1.1523053920585848,-0.03189843824323413,-0.02847037825339391,0.0,NonInvasiveFetalECGThorax1,HYDRA
15,0.2,random,blur,4,4,4,1.1204069538153507,,-0.014743825567340529,-0.013159336755092685,0.0,NonInvasiveFetalECGThorax1,HYDRA
16,0.05,top,blur,27,27,27,0.670456670078039,0.6199977359455604,0.050458934132478594,0.07526043236496249,0.0,NonInvasiveFetalECGThorax1,HYDRA
16,0.05,bottom,blur,27,27,27,0.670456670078039,0.6576026319147028,0.01285403816333619,0.019172035367780973,0.0,NonInvasiveFetalECGThorax1,HYDRA
16,0.05,random,blur,27,27,27,0.670456670078039,,-0.0017437967790558506,-0.0026009051083760127,0.0,NonInvasiveFetalECGThorax1,HYDRA
16,0.1,top,blur,27,27,27,0.670456670078039,0.6951757046039646,-0.02471903452592561,-0.03686889661960075,0.0,NonInvasiveFetalECGThorax1,HYDRA
16,0.1,bottom,blur,27,27,27,0.670456670078039,0.6839329291795129,-0.013476259101473875,-0.020100089391035355,0.0,NonInvasiveFetalECGThorax1,HYDRA
16,0.1,random,blur,27,27,27,0.670456670078039,,0.021649395094341273,0.03229047270325262,0.0,NonInvasiveFetalECGThorax1,HYDRA
16,0.2,top,blur,27,27,27,0.670456670078039,0.5798621510090507,0.0905945190689883,0.13512339870531037,0.0,NonInvasiveFetalECGThorax1,HYDRA
16,0.2,bottom,blur,27,27,27,0.670456670078039,0.6625672757977685,0.007889394280270468,0.0117671773064393,0.0,NonInvasiveFetalECGThorax1,HYDRA
16,0.2,random,blur,27,27,27,0.670456670078039,,0.019751545197861466,0.029459794524481237,0.0,NonInvasiveFetalECGThorax1,HYDRA
17,0.05,top,blur,31,31,31,0.21033640787652108,0.13109596622142394,0.07924044165509714,0.37673014256035414,0.0,NonInvasiveFetalECGThorax1,HYDRA
17,0.05,bottom,blur,31,31,31,0.21033640787652108,0.2522255459167895,-0.04188913804026839,-0.19915210738386335,0.0,NonInvasiveFetalECGThorax1,HYDRA
17,0.05,random,blur,31,31,31,0.21033640787652108,,0.007328201901197628,0.03484022160004777,0.0,NonInvasiveFetalECGThorax1,HYDRA
17,0.1,top,blur,31,31,31,0.21033640787652108,0.21769852907051712,-0.007362121193996041,-0.03500148294267269,0.0,NonInvasiveFetalECGThorax1,HYDRA
17,0.1,bottom,blur,31,31,31,0.21033640787652108,0.2521975980986453,-0.0418611902221242,-0.19901923602053173,0.0,NonInvasiveFetalECGThorax1,HYDRA
17,0.1,random,blur,31,31,31,0.21033640787652108,,-0.02579580776494428,-0.12264013341881512,0.0,NonInvasiveFetalECGThorax1,HYDRA
17,0.2,top,blur,31,31,31,0.21033640787652108,0.24133605213394782,-0.03099964425742674,-0.14738055665126923,0.0,NonInvasiveFetalECGThorax1,HYDRA
17,0.2,bottom,blur,31,31,31,0.21033640787652108,0.23502302114195484,-0.024686613265433754,-0.1173667276527724,0.0,NonInvasiveFetalECGThorax1,HYDRA
17,0.2,random,blur,31,31,31,0.21033640787652108,,-0.011527483037504772,-0.05480472139445589,0.0,NonInvasiveFetalECGThorax1,HYDRA
18,0.05,top,blur,39,39,39,0.5125502647763405,0.5003507648342245,0.012199499942115999,0.023801521487688524,0.0,NonInvasiveFetalECGThorax1,HYDRA
18,0.05,bottom,blur,39,39,39,0.5125502647763405,0.5130138561185102,-0.00046359134216977793,-0.0009044779986487264,0.0,NonInvasiveFetalECGThorax1,HYDRA
18,0.05,random,blur,39,39,39,0.5125502647763405,,-0.0007065560090962819,-0.0013785079808643116,0.0,NonInvasiveFetalECGThorax1,HYDRA
18,0.1,top,blur,39,39,39,0.5125502647763405,0.49694387513262805,0.015606389643712415,0.03044844626521895,0.0,NonInvasiveFetalECGThorax1,HYDRA
18,0.1,bottom,blur,39,39,39,0.5125502647763405,0.5044915436370614,0.00805872113927908,0.01572276120086373,0.0,NonInvasiveFetalECGThorax1,HYDRA
18,0.1,random,blur,39,39,39,0.5125502647763405,,0.021575340736811378,0.042094015212753605,0.0,NonInvasiveFetalECGThorax1,HYDRA
18,0.2,top,blur,39,39,39,0.5125502647763405,0.5053606137259403,0.007189651050400148,0.014027184292555518,0.0,NonInvasiveFetalECGThorax1,HYDRA
18,0.2,bottom,blur,39,39,39,0.5125502647763405,0.4825686342280837,0.029981630548256755,0.05849489135753024,0.0,NonInvasiveFetalECGThorax1,HYDRA
18,0.2,random,blur,39,39,39,0.5125502647763405,,-0.028918855222364925,-0.05642139081440782,0.0,NonInvasiveFetalECGThorax1,HYDRA
20,0.05,top,blur,9,9,9,0.4041051843849699,0.35980086387989063,0.044304320505079264,0.10963534391958961,0.0,NonInvasiveFetalECGThorax1,HYDRA
20,0.05,bottom,blur,9,9,9,0.4041051843849699,0.41972418026731617,-0.015618995882346276,-0.03865072222568837,0.0,NonInvasiveFetalECGThorax1,HYDRA
20,0.05,random,blur,9,9,9,0.4041051843849699,,0.0010462094280637491,0.0025889468374655773,0.0,NonInvasiveFetalECGThorax1,HYDRA
20,0.1,top,blur,9,9,9,0.4041051843849699,0.3349972439591993,0.06910794042577062,0.17101431033763953,0.0,NonInvasiveFetalECGThorax1,HYDRA
20,0.1,bottom,blur,9,9,9,0.4041051843849699,0.39058616891794506,0.01351901546702483,0.033454116738154155,0.0,NonInvasiveFetalECGThorax1,HYDRA
20,0.1,random,blur,9,9,9,0.4041051843849699,,0.0073427810995058355,0.018170424960660264,0.0,NonInvasiveFetalECGThorax1,HYDRA
20,0.2,top,blur,9,9,9,0.4041051843849699,0.2902275818923721,0.11387760249259782,0.2818011871456856,0.0,NonInvasiveFetalECGThorax1,HYDRA
20,0.2,bottom,blur,9,9,9,0.4041051843849699,0.3772531175727196,0.026852066812250275,0.06644804719610473,0.0,NonInvasiveFetalECGThorax1,HYDRA
20,0.2,random,blur,9,9,9,0.4041051843849699,,-0.0085370601831412,-0.02112578454134324,0.0,NonInvasiveFetalECGThorax1,HYDRA
21,0.05,top,blur,13,13,13,0.0495357771711189,0.006425783341709401,0.0431099938294095,0.8702623846620291,0.0,NonInvasiveFetalECGThorax1,HYDRA
21,0.05,bottom,blur,13,13,13,0.0495357771711189,0.03264071923969114,0.01689505793142776,0.34106090255055943,0.0,NonInvasiveFetalECGThorax1,HYDRA
21,0.05,random,blur,13,13,13,0.0495357771711189,,-0.0060177612666516556,-0.12148067779750822,0.0,NonInvasiveFetalECGThorax1,HYDRA
21,0.1,top,blur,13,13,13,0.0495357771711189,0.013028466601464395,0.036507310569654505,0.7369738738461798,0.0,NonInvasiveFetalECGThorax1,HYDRA
21,0.1,bottom,blur,13,13,13,0.0495357771711189,0.04942636539800005,0.00010941177311885042,0.002208697847679926,0.0,NonInvasiveFetalECGThorax1,HYDRA
21,0.1,random,blur,13,13,13,0.0495357771711189,,-0.048097543760719084,-0.5237425791848644,0.0,NonInvasiveFetalECGThorax1,HYDRA
21,0.2,top,blur,13,13,13,0.0495357771711189,0.00938895990737909,0.04014681726373981,0.8104446747727937,0.0,NonInvasiveFetalECGThorax1,HYDRA
21,0.2,bottom,blur,13,13,13,0.0495357771711189,0.06161943302415063,-0.012083655853031727,-0.24393302396904376,0.0,NonInvasiveFetalECGThorax1,HYDRA
21,0.2,random,blur,13,13,13,0.0495357771711189,,0.0008363418606123663,-0.011018650428503713,0.0,NonInvasiveFetalECGThorax1,HYDRA
22,0.05,top,blur,28,28,28,-0.15038599545331743,-0.13070200220885209,-0.019683993244465348,-0.13088893215221908,0.0,NonInvasiveFetalECGThorax1,HYDRA
22,0.05,bottom,blur,28,28,28,-0.15038599545331743,-0.13170951339524928,-0.018676482058068156,-0.12418947530516786,0.0,NonInvasiveFetalECGThorax1,HYDRA
22,0.05,random,blur,28,28,28,-0.15038599545331743,,-0.004634848738738762,-0.03081947827182633,0.0,NonInvasiveFetalECGThorax1,HYDRA
22,0.1,top,blur,28,28,28,-0.15038599545331743,-0.1309831227330409,-0.01940287272027652,-0.12901961809789256,0.0,NonInvasiveFetalECGThorax1,HYDRA
22,0.1,bottom,blur,28,28,28,-0.15038599545331743,-0.11769116185569495,-0.032694833597622486,-0.21740465988478036,0.0,NonInvasiveFetalECGThorax1,HYDRA
22,0.1,random,blur,28,28,28,-0.15038599545331743,,-0.009577539617565467,-0.06368595628029879,0.0,NonInvasiveFetalECGThorax1,HYDRA
22,0.2,top,blur,28,28,28,-0.15038599545331743,-0.12630533703536695,-0.024080658417950485,-0.16012460615602572,0.0,NonInvasiveFetalECGThorax1,HYDRA
22,0.2,bottom,blur,28,28,28,-0.15038599545331743,-0.10357983691620265,-0.046806158537114784,-0.3112380721220285,0.0,NonInvasiveFetalECGThorax1,HYDRA
22,0.2,random,blur,28,28,28,-0.15038599545331743,,-0.026451848996324155,-0.17589186429710435,0.0,NonInvasiveFetalECGThorax1,HYDRA
23,0.05,top,blur,27,27,27,0.44275067842068583,0.39479364296330344,0.04795703545738239,0.10831587500344932,0.0,NonInvasiveFetalECGThorax1,HYDRA
23,0.05,bottom,blur,27,27,27,0.44275067842068583,0.4139986283954171,0.028752050025268705,0.06493944896567869,0.0,NonInvasiveFetalECGThorax1,HYDRA
23,0.05,random,blur,27,27,27,0.44275067842068583,,0.029112834568580537,0.06575431779824588,0.0,NonInvasiveFetalECGThorax1,HYDRA
23,0.1,top,blur,27,27,27,0.44275067842068583,0.3890440151092731,0.05370666331141272,0.12130199822841256,0.0,NonInvasiveFetalECGThorax1,HYDRA
23,0.1,bottom,blur,27,27,27,0.44275067842068583,0.38986394016653425,0.05288673825415158,0.11945011353271622,0.0,NonInvasiveFetalECGThorax1,HYDRA
23,0.1,random,blur,27,27,27,0.44275067842068583,,0.014484029891346274,0.03271366456025966,0.0,NonInvasiveFetalECGThorax1,HYDRA
23,0.2,top,blur,27,27,27,0.44275067842068583,0.36979791522344807,0.07295276319723776,0.16477128546968672,0.0,NonInvasiveFetalECGThorax1,HYDRA
23,0.2,bottom,blur,27,27,27,0.44275067842068583,0.413144697829668,0.029605980591017822,0.06686813858419154,0.0,NonInvasiveFetalECGThorax1,HYDRA
23,0.2,random,blur,27,27,27,0.44275067842068583,,0.04889105537840081,0.11042545463135749,0.0,NonInvasiveFetalECGThorax1,HYDRA
25,0.05,top,blur,26,26,26,0.7060246387696723,0.7054887110703094,0.000535927699362837,0.0007590768237492767,0.0,NonInvasiveFetalECGThorax1,HYDRA
25,0.05,bottom,blur,26,26,26,0.7060246387696723,0.6983094425081517,0.007715196261520507,0.010927643187243298,0.0,NonInvasiveFetalECGThorax1,HYDRA
25,0.05,random,blur,26,26,26,0.7060246387696723,,0.000889053839781262,0.0012592373292994515,0.0,NonInvasiveFetalECGThorax1,HYDRA
25,0.1,top,blur,26,26,26,0.7060246387696723,0.6936893733228631,0.012335265446809185,0.017471412891328916,0.0,NonInvasiveFetalECGThorax1,HYDRA
25,0.1,bottom,blur,26,26,26,0.7060246387696723,0.699196177037811,0.006828461731861246,0.009671690880462352,0.0,NonInvasiveFetalECGThorax1,HYDRA
25,0.1,random,blur,26,26,26,0.7060246387696723,,0.007230245779326294,0.010240769431441322,0.0,NonInvasiveFetalECGThorax1,HYDRA
25,0.2,top,blur,26,26,26,0.7060246387696723,0.6815619169632889,0.024462721806383314,0.03464848932258652,0.0,NonInvasiveFetalECGThorax1,HYDRA
25,0.2,bottom,blur,26,26,26,0.7060246387696723,0.6843035858325957,0.0217210529370766,0.030765246677058267,0.0,NonInvasiveFetalECGThorax1,HYDRA
25,0.2,random,blur,26,26,26,0.7060246387696723,,0.01819201086503619,0.02576678503735046,0.0,NonInvasiveFetalECGThorax1,HYDRA
26,0.05,top,blur,29,29,29,-0.12706702710397733,-0.14282552880282895,0.015758501698851624,0.12401626166712058,0.0,NonInvasiveFetalECGThorax1,HYDRA
26,0.05,bottom,blur,29,29,29,-0.12706702710397733,-0.14169789095251406,0.014630863848536735,0.11514197695510436,0.0,NonInvasiveFetalECGThorax1,HYDRA
26,0.05,random,blur,29,29,29,-0.12706702710397733,,0.007321347812237322,0.05761754533456638,0.0,NonInvasiveFetalECGThorax1,HYDRA
26,0.1,top,blur,29,29,29,-0.12706702710397733,-0.11742774358847352,-0.009639283515503805,-0.07585923646722054,0.0,NonInvasiveFetalECGThorax1,HYDRA
26,0.1,bottom,blur,29,29,29,-0.12706702710397733,-0.0758015251890235,-0.051265501914953826,-0.40344926322814667,0.0,NonInvasiveFetalECGThorax1,HYDRA
26,0.1,random,blur,29,29,29,-0.12706702710397733,,-0.030766175526803653,-0.24212365791772533,0.0,NonInvasiveFetalECGThorax1,HYDRA
26,0.2,top,blur,29,29,29,-0.12706702710397733,-0.09256511790220312,-0.034501909201774206,-0.2715231359777228,0.0,NonInvasiveFetalECGThorax1,HYDRA
26,0.2,bottom,blur,29,29,29,-0.12706702710397733,-0.08394281378640334,-0.04312421331757399,-0.3393789476426377,0.0,NonInvasiveFetalECGThorax1,HYDRA
26,0.2,random,blur,29,29,29,-0.12706702710397733,,-0.008306706979946909,-0.0653721252250945,0.0,NonInvasiveFetalECGThorax1,HYDRA
27,0.05,top,blur,39,39,39,0.6940517375855826,0.7184097335760562,-0.024357995990473613,-0.03509531001233183,0.0,NonInvasiveFetalECGThorax1,HYDRA
27,0.05,bottom,blur,39,39,39,0.6940517375855826,0.686532053771066,0.00751968381451662,0.010834455953124713,0.0,NonInvasiveFetalECGThorax1,HYDRA
27,0.05,random,blur,39,39,39,0.6940517375855826,,0.007681834669966881,0.011068084965257621,0.0,NonInvasiveFetalECGThorax1,HYDRA
27,0.1,top,blur,39,39,39,0.6940517375855826,0.5699986014314953,0.1240531361540873,0.1787373342631481,0.0,NonInvasiveFetalECGThorax1,HYDRA
27,0.1,bottom,blur,39,39,39,0.6940517375855826,0.7067868804910389,-0.012735142905456298,-0.01834895565682564,0.0,NonInvasiveFetalECGThorax1,HYDRA
27,0.1,random,blur,39,39,39,0.6940517375855826,,-0.020952522280210894,-0.03018866023509816,0.0,NonInvasiveFetalECGThorax1,HYDRA
27,0.2,top,blur,39,39,39,0.6940517375855826,0.5796536187084536,0.11439811887712903,0.16482626273485848,0.0,NonInvasiveFetalECGThorax1,HYDRA
27,0.2,bottom,blur,39,39,39,0.6940517375855826,0.6820253227620032,0.012026414823579357,0.017327811234368048,0.0,NonInvasiveFetalECGThorax1,HYDRA
27,0.2,random,blur,39,39,39,0.6940517375855826,,0.024864489825458504,0.03582507276313783,0.0,NonInvasiveFetalECGThorax1,HYDRA
28,0.05,top,blur,24,24,24,-0.03992364788309499,-0.042936796955100665,0.003013149072005672,0.07547089910044036,0.0,NonInvasiveFetalECGThorax1,HYDRA
28,0.05,bottom,blur,24,24,24,-0.03992364788309499,-0.03434780452064756,-0.00557584336244743,-0.13965917442213358,0.0,NonInvasiveFetalECGThorax1,HYDRA
28,0.05,random,blur,24,24,24,-0.03992364788309499,,-0.00044307452648082444,-0.011097769172021493,0.0,NonInvasiveFetalECGThorax1,HYDRA
28,0.1,top,blur,24,24,24,-0.03992364788309499,0.009935960186168158,-0.04985960806926315,-1.0,0.0,NonInvasiveFetalECGThorax1,HYDRA
28,0.1,bottom,blur,24,24,24,-0.03992364788309499,-0.0145515618032932,-0.025372086079801792,-0.6354993074477411,0.0,NonInvasiveFetalECGThorax1,HYDRA
28,0.1,random,blur,24,24,24,-0.03992364788309499,,-0.022927480445054393,-0.46204077154138734,0.0,NonInvasiveFetalECGThorax1,HYDRA
28,0.2,top,blur,24,24,24,-0.03992364788309499,0.035438747154719064,-0.07536239503781406,-1.0,0.0,NonInvasiveFetalECGThorax1,HYDRA
28,0.2,bottom,blur,24,24,24,-0.03992364788309499,0.00242834819339921,-0.0423519960764942,-1.0,0.0,NonInvasiveFetalECGThorax1,HYDRA
28,0.2,random,blur,24,24,24,-0.03992364788309499,,-0.03291457159023377,-0.39467166141117926,0.0,NonInvasiveFetalECGThorax1,HYDRA
29,0.05,top,blur,28,28,28,0.9732784001755257,0.9015986361790813,0.07167976399644438,0.07364767402198928,0.0,NonInvasiveFetalECGThorax1,HYDRA
29,0.05,bottom,blur,28,28,28,0.9732784001755257,0.9766293409287836,-0.003350940753257925,-0.0034429381251196733,0.0,NonInvasiveFetalECGThorax1,HYDRA
29,0.05,random,blur,28,28,28,0.9732784001755257,,-0.010020785969216028,-0.01029589855431938,0.0,NonInvasiveFetalECGThorax1,HYDRA
29,0.1,top,blur,28,28,28,0.9732784001755257,0.9191700019525604,0.054108398222965315,0.055593900593403245,0.0,NonInvasiveFetalECGThorax1,HYDRA
29,0.1,bottom,blur,28,28,28,0.9732784001755257,0.9954658153777647,-0.02218741520223899,-0.0227965527660789,0.0,NonInvasiveFetalECGThorax1,HYDRA
29,0.1,random,blur,28,28,28,0.9732784001755257,,-0.003129305026650231,-0.0032152175686507673,0.0,NonInvasiveFetalECGThorax1,HYDRA
29,0.2,top,blur,28,28,28,0.9732784001755257,0.961022165465157,0.01225623471036874,0.01259271973511244,0.0,NonInvasiveFetalECGThorax1,HYDRA
29,0.2,bottom,blur,28,28,28,0.9732784001755257,1.0518514335249969,-0.07857303334947119,-0.08073019251748363,0.0,NonInvasiveFetalECGThorax1,HYDRA
29,0.2,random,blur,28,28,28,0.9732784001755257,,-0.05702569637413246,-0.05859129080904023,0.0,NonInvasiveFetalECGThorax1,HYDRA
30,0.05,top,blur,6,6,6,0.45444226353838346,0.44004265014825183,0.014399613390131627,0.03168627317305452,0.0,NonInvasiveFetalECGThorax1,HYDRA
30,0.05,bottom,blur,6,6,6,0.45444226353838346,0.43321446441542666,0.021227799122956803,0.04671165979592928,0.0,NonInvasiveFetalECGThorax1,HYDRA
30,0.05,random,blur,6,6,6,0.45444226353838346,,0.03153881689768649,0.06940099992267272,0.0,NonInvasiveFetalECGThorax1,HYDRA
30,0.1,top,blur,6,6,6,0.45444226353838346,0.37700308097189283,0.07743918256649063,0.17040451202540471,0.0,NonInvasiveFetalECGThorax1,HYDRA
30,0.1,bottom,blur,6,6,6,0.45444226353838346,0.3491407210414964,0.10530154249688706,0.23171548781907078,0.0,NonInvasiveFetalECGThorax1,HYDRA
30,0.1,random,blur,6,6,6,0.45444226353838346,,0.07527211559676021,0.16563589260995293,0.0,NonInvasiveFetalECGThorax1,HYDRA
30,0.2,top,blur,6,6,6,0.45444226353838346,0.2944184501668802,0.1600238133715033,0.35213155570956606,0.0,NonInvasiveFetalECGThorax1,HYDRA
30,0.2,bottom,blur,6,6,6,0.45444226353838346,0.3911590936473114,0.06328316989107208,0.13925428093781617,0.0,NonInvasiveFetalECGThorax1,HYDRA
30,0.2,random,blur,6,6,6,0.45444226353838346,,0.08722856177833269,0.19194598925101053,0.0,NonInvasiveFetalECGThorax1,HYDRA
31,0.05,top,blur,19,19,19,0.01144068990434155,0.003757293681689089,0.007683396222652461,0.6715263467975126,0.0,NonInvasiveFetalECGThorax1,HYDRA
31,0.05,bottom,blur,19,19,19,0.01144068990434155,-0.0024034806721600077,0.013844170576501558,1.0,0.0,NonInvasiveFetalECGThorax1,HYDRA
31,0.05,random,blur,19,19,19,0.01144068990434155,,0.05710417593452146,0.9651459804170637,0.0,NonInvasiveFetalECGThorax1,HYDRA
31,0.1,top,blur,19,19,19,0.01144068990434155,-0.19329762596498845,0.20473831586933,1.0,0.0,NonInvasiveFetalECGThorax1,HYDRA
31,0.1,bottom,blur,19,19,19,0.01144068990434155,0.020701068954733892,-0.009260379050392342,-0.8093541363045061,0.0,NonInvasiveFetalECGThorax1,HYDRA
31,0.1,random,blur,19,19,19,0.01144068990434155,,0.038340355975669274,0.2,0.0,NonInvasiveFetalECGThorax1,HYDRA
31,0.2,top,blur,19,19,19,0.01144068990434155,-0.20651364412685158,0.21795433403119313,1.0,0.0,NonInvasiveFetalECGThorax1,HYDRA
31,0.2,bottom,blur,19,19,19,0.01144068990434155,-0.052301044877832825,0.06374173478217438,1.0,0.0,NonInvasiveFetalECGThorax1,HYDRA
31,0.2,random,blur,19,19,19,0.01144068990434155,,0.012955687402101623,0.1580270407791,0.0,NonInvasiveFetalECGThorax1,HYDRA
32,0.05,top,blur,12,12,12,0.7475373337260514,0.7573988873835558,-0.009861553657504407,-0.013192037401413514,0.0,NonInvasiveFetalECGThorax1,HYDRA
32,0.05,bottom,blur,12,12,12,0.7475373337260514,0.7524263140900198,-0.004888980363968454,-0.00654010656496996,0.0,NonInvasiveFetalECGThorax1,HYDRA
32,0.05,random,blur,12,12,12,0.7475373337260514,,-0.005935329244655607,-0.00793983261710658,0.0,NonInvasiveFetalECGThorax1,HYDRA
32,0.1,top,blur,12,12,12,0.7475373337260514,0.775362915860466,-0.02782558213441466,-0.037222950153900515,0.0,NonInvasiveFetalECGThorax1,HYDRA
32,0.1,bottom,blur,12,12,12,0.7475373337260514,0.7465254889754758,0.0010118447505755856,0.0013535690478000209,0.0,NonInvasiveFetalECGThorax1,HYDRA
32,0.1,random,blur,12,12,12,0.7475373337260514,,-0.003809667438822695,-0.005096283718098683,0.0,NonInvasiveFetalECGThorax1,HYDRA
32,0.2,top,blur,12,12,12,0.7475373337260514,0.81754229070173,-0.07000495697567866,-0.09364731387987014,0.0,NonInvasiveFetalECGThorax1,HYDRA
32,0.2,bottom,blur,12,12,12,0.7475373337260514,0.7612689737500484,-0.013731640023997072,-0.01836914497153971,0.0,NonInvasiveFetalECGThorax1,HYDRA
32,0.2,random,blur,12,12,12,0.7475373337260514,,-0.051306642299496066,-0.06863412882622591,0.0,NonInvasiveFetalECGThorax1,HYDRA
33,0.05,top,blur,18,18,18,1.1854933676236388,1.0893170686815474,0.09617629894209134,0.08112758826081967,0.0,NonInvasiveFetalECGThorax1,HYDRA
33,0.05,bottom,blur,18,18,18,1.1854933676236388,1.1742297203517618,0.011263647271877009,0.009501223775913292,0.0,NonInvasiveFetalECGThorax1,HYDRA
33,0.05,random,blur,18,18,18,1.1854933676236388,,0.01998350920582217,0.01685668844288122,0.0,NonInvasiveFetalECGThorax1,HYDRA
33,0.1,top,blur,18,18,18,1.1854933676236388,1.0842852399353982,0.10120812768824061,0.08537208649174398,0.0,NonInvasiveFetalECGThorax1,HYDRA
33,0.1,bottom,blur,18,18,18,1.1854933676236388,1.1689483134242185,0.016545054199420317,0.013956248676731722,0.0,NonInvasiveFetalECGThorax1,HYDRA
33,0.1,random,blur,18,18,18,1.1854933676236388,,0.01325300232265505,0.011179304334630552,0.0,NonInvasiveFetalECGThorax1,HYDRA
33,0.2,top,blur,18,18,18,1.1854933676236388,1.0762061191620806,0.10928724846155813,0.09218706680203627,0.0,NonInvasiveFetalECGThorax1,HYDRA
33,0.2,bottom,blur,18,18,18,1.1854933676236388,1.155862775217087,0.02963059240655186,0.024994292015024355,0.0,NonInvasiveFetalECGThorax1,HYDRA
33,0.2,random,blur,18,18,18,1.1854933676236388,,0.05602351428676409,0.047257511985539846,0.0,NonInvasiveFetalECGThorax1,HYDRA
34,0.05,top,blur,0,0,0,0.2302179694008576,0.2363263493622464,-0.006108379961388799,-0.02653291332719364,0.0,NonInvasiveFetalECGThorax1,HYDRA
34,0.05,bottom,blur,0,0,0,0.2302179694008576,0.21782628847522012,0.012391680925637472,0.0538256293905176,0.0,NonInvasiveFetalECGThorax1,HYDRA
34,0.05,random,blur,0,0,0,0.2302179694008576,,0.020484076274210495,0.08897649193513499,0.0,NonInvasiveFetalECGThorax1,HYDRA
34,0.1,top,blur,0,0,0,0.2302179694008576,0.20836476394737236,0.021853205453485236,0.0949235656399556,0.0,NonInvasiveFetalECGThorax1,HYDRA
34,0.1,bottom,blur,0,0,0,0.2302179694008576,0.22801851697313003,0.0021994524277275662,0.009553741090282949,0.0,NonInvasiveFetalECGThorax1,HYDRA
34,0.1,random,blur,0,0,0,0.2302179694008576,,-0.007553069926294009,-0.03280819971503997,0.0,NonInvasiveFetalECGThorax1,HYDRA
34,0.2,top,blur,0,0,0,0.2302179694008576,0.21397776312649086,0.01624020627436673,0.07054243321752197,0.0,NonInvasiveFetalECGThorax1,HYDRA
34,0.2,bottom,blur,0,0,0,0.2302179694008576,0.2662217454908745,-0.036003776090016926,-0.15638926793789568,0.0,NonInvasiveFetalECGThorax1,HYDRA
34,0.2,random,blur,0,0,0,0.2302179694008576,,0.035569082730560274,0.1545010944281804,0.0,NonInvasiveFetalECGThorax1,HYDRA
35,0.05,top,blur,20,20,20,0.3282753323530544,0.29223911709994554,0.03603621525310885,0.10977402785879992,0.0,NonInvasiveFetalECGThorax1,HYDRA
35,0.05,bottom,blur,20,20,20,0.3282753323530544,0.27177205017923967,0.05650328217381473,0.1721210961777367,0.0,NonInvasiveFetalECGThorax1,HYDRA
35,0.05,random,blur,20,20,20,0.3282753323530544,,0.035025400777424,0.1066948705268064,0.0,NonInvasiveFetalECGThorax1,HYDRA
35,0.1,top,blur,20,20,20,0.3282753323530544,0.2293934984595417,0.09888183389351268,0.3012152389565731,0.0,NonInvasiveFetalECGThorax1,HYDRA
35,0.1,bottom,blur,20,20,20,0.3282753323530544,0.3195598379376966,0.008715494415357794,0.026549262180693735,0.0,NonInvasiveFetalECGThorax1,HYDRA
35,0.1,random,blur,20,20,20,0.3282753323530544,,0.013969212352260296,0.042553211960576855,0.0,NonInvasiveFetalECGThorax1,HYDRA
35,0.2,top,blur,20,20,20,0.3282753323530544,0.15097471862913536,0.17730061372391903,0.5400956336177044,0.0,NonInvasiveFetalECGThorax1,HYDRA
35,0.2,bottom,blur,20,20,20,0.3282753323530544,0.3077755216430066,0.020499810710047806,0.06244681291248461,0.0,NonInvasiveFetalECGThorax1,HYDRA
35,0.2,random,blur,20,20,20,0.3282753323530544,,0.09377359734643527,0.2856544566410707,0.0,NonInvasiveFetalECGThorax1,HYDRA
36,0.05,top,blur,10,10,10,0.2872886913658612,0.31251381586953797,-0.025225124503676755,-0.08780379269353161,0.0,NonInvasiveFetalECGThorax1,HYDRA
36,0.05,bottom,blur,10,10,10,0.2872886913658612,0.27288035794042087,0.014408333425440345,0.050152629413672364,0.0,NonInvasiveFetalECGThorax1,HYDRA
36,0.05,random,blur,10,10,10,0.2872886913658612,,-0.0025282373959099047,-0.008800306700494219,0.0,NonInvasiveFetalECGThorax1,HYDRA
36,0.1,top,blur,10,10,10,0.2872886913658612,0.27500604391899675,0.01228264744686447,0.042753526548304215,0.0,NonInvasiveFetalECGThorax1,HYDRA
36,0.1,bottom,blur,10,10,10,0.2872886913658612,0.28268306253808984,0.00460562882777138,0.016031305564341142,0.0,NonInvasiveFetalECGThorax1,HYDRA
36,0.1,random,blur,10,10,10,0.2872886913658612,,0.008089641546671444,0.028158481803544244,0.0,NonInvasiveFetalECGThorax1,HYDRA
36,0.2,top,blur,10,10,10,0.2872886913658612,0.25972388686227466,0.02756480450358656,0.09594776746960612,0.0,NonInvasiveFetalECGThorax1,HYDRA
36,0.2,bottom,blur,10,10,10,0.2872886913658612,0.35314466682193135,-0.06585597545607014,-0.2292319475264536,0.0,NonInvasiveFetalECGThorax1,HYDRA
36,0.2,random,blur,10,10,10,0.2872886913658612,,-0.003190754474646429,-0.011106400857881903,0.0,NonInvasiveFetalECGThorax1,HYDRA
37,0.05,top,blur,39,39,39,0.6932547583512192,0.6878928884079798,0.005361869943239395,0.007734331635400493,0.0,NonInvasiveFetalECGThorax1,HYDRA
37,0.05,bottom,blur,39,39,39,0.6932547583512192,0.6784105801409988,0.014844178210220438,0.021412268172895634,0.0,NonInvasiveFetalECGThorax1,HYDRA
37,0.05,random,blur,39,39,39,0.6932547583512192,,0.0023667474068746587,0.003413959968401173,0.0,NonInvasiveFetalECGThorax1,HYDRA
37,0.1,top,blur,39,39,39,0.6932547583512192,0.6628700129708052,0.030384745380414024,0.043829055892270596,0.0,NonInvasiveFetalECGThorax1,HYDRA
37,0.1,bottom,blur,39,39,39,0.6932547583512192,0.6482892716796371,0.04496548667158207,0.06486132445336505,0.0,NonInvasiveFetalECGThorax1,HYDRA
37,0.1,random,blur,39,39,39,0.6932547583512192,,-0.009061817912742942,-0.013071392200614101,0.0,NonInvasiveFetalECGThorax1,HYDRA
37,0.2,top,blur,39,39,39,0.6932547583512192,0.6870872111518169,0.006167547199402268,0.008896496170577277,0.0,NonInvasiveFetalECGThorax1,HYDRA
37,0.2,bottom,blur,39,39,39,0.6932547583512192,0.6418266108087924,0.05142814754242675,0.07418351297180582,0.0,NonInvasiveFetalECGThorax1,HYDRA
37,0.2,random,blur,39,39,39,0.6932547583512192,,0.007669786649886356,0.011063430137425079,0.0,NonInvasiveFetalECGThorax1,HYDRA
38,0.05,top,blur,40,40,40,0.1295706159805302,0.10760489051054634,0.021965725469983877,0.16952575071136342,0.0,NonInvasiveFetalECGThorax1,HYDRA
38,0.05,bottom,blur,40,40,40,0.1295706159805302,-0.025727964559538186,0.1552985805400684,1.0,0.0,NonInvasiveFetalECGThorax1,HYDRA
38,0.05,random,blur,40,40,40,0.1295706159805302,,0.05574237104081716,0.4302051079550722,0.0,NonInvasiveFetalECGThorax1,HYDRA
38,0.1,top,blur,40,40,40,0.1295706159805302,0.06658697486246401,0.0629836411180662,0.4860913452490266,0.0,NonInvasiveFetalECGThorax1,HYDRA
38,0.1,bottom,blur,40,40,40,0.1295706159805302,-0.10595863884442391,0.23552925482495413,1.0,0.0,NonInvasiveFetalECGThorax1,HYDRA
38,0.1,random,blur,40,40,40,0.1295706159805302,,0.12499263998483545,0.7984673256440631,0.0,NonInvasiveFetalECGThorax1,HYDRA
38,0.2,top,blur,40,40,40,0.1295706159805302,-0.0868750895759085,0.21644570555643872,1.0,0.0,NonInvasiveFetalECGThorax1,HYDRA
38,0.2,bottom,blur,40,40,40,0.1295706159805302,-0.18278999729043555,0.31236061327096576,1.0,0.0,NonInvasiveFetalECGThorax1,HYDRA
38,0.2,random,blur,40,40,40,0.1295706159805302,,0.18179008142748074,0.9416064579731405,0.0,NonInvasiveFetalECGThorax1,HYDRA
39,0.05,top,blur,17,17,17,0.5345239702094557,0.5604587760965591,-0.025934805887103396,-0.04851935331840669,0.0,NonInvasiveFetalECGThorax1,HYDRA
39,0.05,bottom,blur,17,17,17,0.5345239702094557,0.5233954456121217,0.011128524597334044,0.02081946628793279,0.0,NonInvasiveFetalECGThorax1,HYDRA
39,0.05,random,blur,17,17,17,0.5345239702094557,,-0.013956371599712724,-0.026109858991702227,0.0,NonInvasiveFetalECGThorax1,HYDRA
39,0.1,top,blur,17,17,17,0.5345239702094557,0.5865383355283496,-0.05201436531889381,-0.09730951446199373,0.0,NonInvasiveFetalECGThorax1,HYDRA
39,0.1,bottom,blur,17,17,17,0.5345239702094557,0.5381241289548668,-0.003600158745411086,-0.0067352489519813255,0.0,NonInvasiveFetalECGThorax1,HYDRA
39,0.1,random,blur,17,17,17,0.5345239702094557,,-0.0074328007799582705,-0.013905432288870806,0.0,NonInvasiveFetalECGThorax1,HYDRA
39,0.2,top,blur,17,17,17,0.5345239702094557,0.5675582620399247,-0.03303429183046891,-0.06180121354765576,0.0,NonInvasiveFetalECGThorax1,HYDRA
39,0.2,bottom,blur,17,17,17,0.5345239702094557,0.5971638732791484,-0.06263990306969269,-0.11718798290217759,0.0,NonInvasiveFetalECGThorax1,HYDRA
39,0.2,random,blur,17,17,17,0.5345239702094557,,-0.00862332888508548,-0.01613269606788696,0.0,NonInvasiveFetalECGThorax1,HYDRA
40,0.05,top,blur,33,33,33,-0.1746930515723466,-0.17251030604765172,-0.0021827455246948846,-0.012494675720489184,0.0,NonInvasiveFetalECGThorax1,HYDRA
40,0.05,bottom,blur,33,33,33,-0.1746930515723466,-0.17822544867965973,0.0035323971073131233,0.020220477317456,0.0,NonInvasiveFetalECGThorax1,HYDRA
40,0.05,random,blur,33,33,33,-0.1746930515723466,,-0.007129050314518914,-0.04080877540107048,0.0,NonInvasiveFetalECGThorax1,HYDRA
40,0.1,top,blur,33,33,33,-0.1746930515723466,-0.17635377521862394,0.00166072364627734,0.009506469346436671,0.0,NonInvasiveFetalECGThorax1,HYDRA
40,0.1,bottom,blur,33,33,33,-0.1746930515723466,-0.19342736524700865,0.01873431367466205,0.10724070743132058,0.0,NonInvasiveFetalECGThorax1,HYDRA
40,0.1,random,blur,33,33,33,-0.1746930515723466,,0.026674297583373564,0.15269150462359532,0.0,NonInvasiveFetalECGThorax1,HYDRA
40,0.2,top,blur,33,33,33,-0.1746930515723466,-0.2576340557640836,0.082941004191737,0.4747786398290063,0.0,NonInvasiveFetalECGThorax1,HYDRA
40,0.2,bottom,blur,33,33,33,-0.1746930515723466,-0.15695047841367182,-0.01774257315867478,-0.10156369377767274,0.0,NonInvasiveFetalECGThorax1,HYDRA
40,0.2,random,blur,33,33,33,-0.1746930515723466,,0.06370272953657188,0.3646531119016978,0.0,NonInvasiveFetalECGThorax1,HYDRA
41,0.05,top,blur,32,32,32,0.5627253727327027,0.4918383070521303,0.07088706568057246,0.12597075437629096,0.0,NonInvasiveFetalECGThorax1,HYDRA
41,0.05,bottom,blur,32,32,32,0.5627253727327027,0.5866348595166512,-0.02390948678394844,-0.04248865513062695,0.0,NonInvasiveFetalECGThorax1,HYDRA
41,0.05,random,blur,32,32,32,0.5627253727327027,,-0.014230766178242727,-0.025288962571872204,0.0,NonInvasiveFetalECGThorax1,HYDRA
41,0.1,top,blur,32,32,32,0.5627253727327027,0.4316648051378228,0.13106056759487994,0.23290283509981186,0.0,NonInvasiveFetalECGThorax1,HYDRA
41,0.1,bottom,blur,32,32,32,0.5627253727327027,0.5840212169125326,-0.02129584417982988,-0.03784404856735849,0.0,NonInvasiveFetalECGThorax1,HYDRA
41,0.1,random,blur,32,32,32,0.5627253727327027,,-0.00022143827035683294,-0.0003935096719947351,0.0,NonInvasiveFetalECGThorax1,HYDRA
41,0.2,top,blur,32,32,32,0.5627253727327027,0.4221518981908393,0.14057347454186342,0.2498078664044352,0.0,NonInvasiveFetalECGThorax1,HYDRA
41,0.2,bottom,blur,32,32,32,0.5627253727327027,0.6019968172982918,-0.039271444565589064,-0.0697878160123893,0.0,NonInvasiveFetalECGThorax1,HYDRA
41,0.2,random,blur,32,32,32,0.5627253727327027,,-0.007708692284483609,-0.013698828876721702,0.0,NonInvasiveFetalECGThorax1,HYDRA
42,0.05,top,blur,7,7,7,0.18933642340867063,0.13169691441906772,0.057639508989602906,0.30442744995632665,0.0,NonInvasiveFetalECGThorax1,HYDRA
42,0.05,bottom,blur,7,7,7,0.18933642340867063,0.15128473835996237,0.03805168504870826,0.20097286824579075,0.0,NonInvasiveFetalECGThorax1,HYDRA
42,0.05,random,blur,7,7,7,0.18933642340867063,,0.01758336704300314,0.09286789017430938,0.0,NonInvasiveFetalECGThorax1,HYDRA
42,0.1,top,blur,7,7,7,0.18933642340867063,0.1408796180115256,0.04845680539714503,0.2559283026290827,0.0,NonInvasiveFetalECGThorax1,HYDRA
42,0.1,bottom,blur,7,7,7,0.18933642340867063,0.17018225411760646,0.01915416929106417,0.10116420169995306,0.0,NonInvasiveFetalECGThorax1,HYDRA
42,0.1,random,blur,7,7,7,0.18933642340867063,,-0.0012549338416028455,-0.006628028516550394,0.0,NonInvasiveFetalECGThorax1,HYDRA
42,0.2,top,blur,7,7,7,0.18933642340867063,0.16377843104155987,0.02555799236711076,0.13498648025829393,0.0,NonInvasiveFetalECGThorax1,HYDRA
42,0.2,bottom,blur,7,7,7,0.18933642340867063,0.19195916072270947,-0.0026227373140388366,-0.013852186571578376,0.0,NonInvasiveFetalECGThorax1,HYDRA
42,0.2,random,blur,7,7,7,0.18933642340867063,,0.00028541319452748406,0.0015074314912981667,0.0,NonInvasiveFetalECGThorax1,HYDRA
43,0.05,top,blur,15,15,15,0.38058316131586234,0.3763666707763944,0.004216490539467932,0.011078996364140583,0.0,NonInvasiveFetalECGThorax1,HYDRA
43,0.05,bottom,blur,15,15,15,0.38058316131586234,0.3778871637281278,0.0026959975877345332,0.0070838407421191,0.0,NonInvasiveFetalECGThorax1,HYDRA
43,0.05,random,blur,15,15,15,0.38058316131586234,,0.007266180330416816,0.019092177418246044,0.0,NonInvasiveFetalECGThorax1,HYDRA
43,0.1,top,blur,15,15,15,0.38058316131586234,0.39530244073222476,-0.014719279416362419,-0.03867549129073264,0.0,NonInvasiveFetalECGThorax1,HYDRA
43,0.1,bottom,blur,15,15,15,0.38058316131586234,0.3817375823116207,-0.001154420995758354,-0.0030332870179540995,0.0,NonInvasiveFetalECGThorax1,HYDRA
43,0.1,random,blur,15,15,15,0.38058316131586234,,0.004332769687447025,0.011384524443861663,0.0,NonInvasiveFetalECGThorax1,HYDRA
43,0.2,top,blur,15,15,15,0.38058316131586234,0.36503336711540846,0.015549794200453881,0.04085770187253923,0.0,NonInvasiveFetalECGThorax1,HYDRA
43,0.2,bottom,blur,15,15,15,0.38058316131586234,0.383048482269698,-0.00246532095383567,-0.006477728724474164,0.0,NonInvasiveFetalECGThorax1,HYDRA
43,0.2,random,blur,15,15,15,0.38058316131586234,,0.007286481218244356,0.019145518807328944,0.0,NonInvasiveFetalECGThorax1,HYDRA
44,0.05,top,blur,33,33,33,-0.052789778775856,-0.11800389818923285,0.06521411941337685,1.0,0.0,NonInvasiveFetalECGThorax1,HYDRA
44,0.05,bottom,blur,33,33,33,-0.052789778775856,-0.06936394480367403,0.016574166027818027,0.3139594908836288,0.0,NonInvasiveFetalECGThorax1,HYDRA
44,0.05,random,blur,33,33,33,-0.052789778775856,,0.02514632309747098,0.46741902479870356,0.0,NonInvasiveFetalECGThorax1,HYDRA
44,0.1,top,blur,33,33,33,-0.052789778775856,-0.098243907426388,0.045454128650532,0.8610240217051044,0.0,NonInvasiveFetalECGThorax1,HYDRA
44,0.1,bottom,blur,33,33,33,-0.052789778775856,-0.13092646284158693,0.07813668406573093,1.0,0.0,NonInvasiveFetalECGThorax1,HYDRA
44,0.1,random,blur,33,33,33,-0.052789778775856,,0.028279271213199196,0.41762205707232863,0.0,NonInvasiveFetalECGThorax1,HYDRA
44,0.2,top,blur,33,33,33,-0.052789778775856,-0.11604162331806644,0.06325184454221044,1.0,0.0,NonInvasiveFetalECGThorax1,HYDRA
44,0.2,bottom,blur,33,33,33,-0.052789778775856,-0.1264367399154167,0.07364696113956071,1.0,0.0,NonInvasiveFetalECGThorax1,HYDRA
44,0.2,random,blur,33,33,33,-0.052789778775856,,0.06051252607539561,0.8652916334716665,0.0,NonInvasiveFetalECGThorax1,HYDRA
45,0.05,top,blur,29,29,29,-0.5097999707447328,-0.45659209539384715,-0.05320787535088567,-0.10436989806660818,0.0,NonInvasiveFetalECGThorax1,HYDRA
45,0.05,bottom,blur,29,29,29,-0.5097999707447328,-0.4669441388800689,-0.04285583186466391,-0.0840638490783154,0.0,NonInvasiveFetalECGThorax1,HYDRA
45,0.05,random,blur,29,29,29,-0.5097999707447328,,-0.02893502924070356,-0.05675750126256994,0.0,NonInvasiveFetalECGThorax1,HYDRA
45,0.1,top,blur,29,29,29,-0.5097999707447328,-0.41780775689419347,-0.09199221385053935,-0.18044731008682527,0.0,NonInvasiveFetalECGThorax1,HYDRA
45,0.1,bottom,blur,29,29,29,-0.5097999707447328,-0.47243188811439907,-0.037368082630333754,-0.07329935558134641,0.0,NonInvasiveFetalECGThorax1,HYDRA
45,0.1,random,blur,29,29,29,-0.5097999707447328,,-0.02342273315010015,-0.045944857884212154,0.0,NonInvasiveFetalECGThorax1,HYDRA
45,0.2,top,blur,29,29,29,-0.5097999707447328,-0.4628931689343189,-0.0469068018104139,-0.09201002842715464,0.0,NonInvasiveFetalECGThorax1,HYDRA
45,0.2,bottom,blur,29,29,29,-0.5097999707447328,-0.43712227460003883,-0.07267769614469399,-0.14256092144847074,0.0,NonInvasiveFetalECGThorax1,HYDRA
45,0.2,random,blur,29,29,29,-0.5097999707447328,,-0.02540972703122053,-0.04984244536471012,0.0,NonInvasiveFetalECGThorax1,HYDRA
46,0.05,top,blur,36,36,36,0.9220102918894253,0.9030955762483848,0.018914715641040525,0.02051462472035421,0.0,NonInvasiveFetalECGThorax1,HYDRA
46,0.05,bottom,blur,36,36,36,0.9220102918894253,0.9284029322236891,-0.006392640334263788,-0.006933364472319763,0.0,NonInvasiveFetalECGThorax1,HYDRA
46,0.05,random,blur,36,36,36,0.9220102918894253,,-0.016193070254440077,-0.01756276782820798,0.0,NonInvasiveFetalECGThorax1,HYDRA
46,0.1,top,blur,36,36,36,0.9220102918894253,0.9401250861117616,-0.018114794222336306,-0.019647041616176617,0.0,NonInvasiveFetalECGThorax1,HYDRA
46,0.1,bottom,blur,36,36,36,0.9220102918894253,0.9509270475764349,-0.028916755687009577,-0.031362691478270414,0.0,NonInvasiveFetalECGThorax1,HYDRA
46,0.1,random,blur,36,36,36,0.9220102918894253,,-0.04068984221811074,-0.044131609423922954,0.0,NonInvasiveFetalECGThorax1,HYDRA
46,0.2,top,blur,36,36,36,0.9220102918894253,0.972201325664857,-0.05019103377543166,-0.054436463215735705,0.0,NonInvasiveFetalECGThorax1,HYDRA
46,0.2,bottom,blur,36,36,36,0.9220102918894253,1.0008743880018884,-0.07886409611246314,-0.08553484844079451,0.0,NonInvasiveFetalECGThorax1,HYDRA
46,0.2,random,blur,36,36,36,0.9220102918894253,,-0.0582386689274891,-0.06316481092996584,0.0,NonInvasiveFetalECGThorax1,HYDRA
47,0.05,top,blur,28,28,28,0.7227984694894594,0.720955382209495,0.001843087279964406,0.0025499289329393784,0.0,NonInvasiveFetalECGThorax1,HYDRA
47,0.05,bottom,blur,28,28,28,0.7227984694894594,0.7292317510396755,-0.006433281550216163,-0.008900506740493645,0.0,NonInvasiveFetalECGThorax1,HYDRA
47,0.05,random,blur,28,28,28,0.7227984694894594,,-0.015323069840086667,-0.02119961412106449,0.0,NonInvasiveFetalECGThorax1,HYDRA
47,0.1,top,blur,28,28,28,0.7227984694894594,0.7377523453203989,-0.014953875830939545,-0.020688830667656734,0.0,NonInvasiveFetalECGThorax1,HYDRA
47,0.1,bottom,blur,28,28,28,0.7227984694894594,0.7268117426932394,-0.004013273203780088,-0.005552401977570369,0.0,NonInvasiveFetalECGThorax1,HYDRA
47,0.1,random,blur,28,28,28,0.7227984694894594,,-0.026219215925573903,-0.03627453675926675,0.0,NonInvasiveFetalECGThorax1,HYDRA
47,0.2,top,blur,28,28,28,0.7227984694894594,0.7478814720519908,-0.025083002562531487,-0.034702574671573234,0.0,NonInvasiveFetalECGThorax1,HYDRA
47,0.2,bottom,blur,28,28,28,0.7227984694894594,0.767644014396913,-0.04484554490745363,-0.06204424159183422,0.0,NonInvasiveFetalECGThorax1,HYDRA
47,0.2,random,blur,28,28,28,0.7227984694894594,,-0.045293917214648795,-0.06266456898016484,0.0,NonInvasiveFetalECGThorax1,HYDRA
48,0.05,top,blur,3,3,3,0.8010248151689288,0.7932261320981668,0.007798683070761925,0.009735869834753398,0.0,NonInvasiveFetalECGThorax1,HYDRA
48,0.05,bottom,blur,3,3,3,0.8010248151689288,0.7642104629583149,0.03681435221061391,0.04595900845324206,0.0,NonInvasiveFetalECGThorax1,HYDRA
48,0.05,random,blur,3,3,3,0.8010248151689288,,0.01291491017480766,0.016122963742540592,0.0,NonInvasiveFetalECGThorax1,HYDRA
48,0.1,top,blur,3,3,3,0.8010248151689288,0.7870628903894659,0.013961924779462898,0.017430055954586757,0.0,NonInvasiveFetalECGThorax1,HYDRA
48,0.1,bottom,blur,3,3,3,0.8010248151689288,0.7259227537185933,0.07510206145033549,0.09375735466714911,0.0,NonInvasiveFetalECGThorax1,HYDRA
48,0.1,random,blur,3,3,3,0.8010248151689288,,0.08745248140116409,0.1091756092563898,0.0,NonInvasiveFetalECGThorax1,HYDRA
48,0.2,top,blur,3,3,3,0.8010248151689288,0.6916382324508552,0.10938658271807356,0.13655812415359542,0.0,NonInvasiveFetalECGThorax1,HYDRA
48,0.2,bottom,blur,3,3,3,0.8010248151689288,0.6669770455244892,0.13404776964443954,0.167345130588794,0.0,NonInvasiveFetalECGThorax1,HYDRA
48,0.2,random,blur,3,3,3,0.8010248151689288,,0.2072595079529344,0.25874260732686294,0.0,NonInvasiveFetalECGThorax1,HYDRA
49,0.05,top,blur,18,18,18,0.6948501641485787,0.6224735200531173,0.0723766440954614,0.10416136264828253,0.0,NonInvasiveFetalECGThorax1,HYDRA
49,0.05,bottom,blur,18,18,18,0.6948501641485787,0.6690910501221978,0.02575911402638087,0.03707141234762736,0.0,NonInvasiveFetalECGThorax1,HYDRA
49,0.05,random,blur,18,18,18,0.6948501641485787,,0.01344817450293374,0.019354036082550395,0.0,NonInvasiveFetalECGThorax1,HYDRA
49,0.1,top,blur,18,18,18,0.6948501641485787,0.6251881866191988,0.06966197752937986,0.10025453093215826,0.0,NonInvasiveFetalECGThorax1,HYDRA
49,0.1,bottom,blur,18,18,18,0.6948501641485787,0.6444821399494973,0.050368024199081374,0.07248750063015116,0.0,NonInvasiveFetalECGThorax1,HYDRA
49,0.1,random,blur,18,18,18,0.6948501641485787,,0.018690474164421246,0.026898528963858366,0.0,NonInvasiveFetalECGThorax1,HYDRA
49,0.2,top,blur,18,18,18,0.6948501641485787,0.5877217354720059,0.1071284286765728,0.15417464084965643,0.0,NonInvasiveFetalECGThorax1,HYDRA
49,0.2,bottom,blur,18,18,18,0.6948501641485787,0.5758447662763657,0.11900539787221298,0.17126746562774164,0.0,NonInvasiveFetalECGThorax1,HYDRA
49,0.2,random,blur,18,18,18,0.6948501641485787,,0.06588092035947954,0.09481299558619197,0.0,NonInvasiveFetalECGThorax1,HYDRA
50,0.05,top,blur,7,7,7,0.48400382054949687,0.5179184448469026,-0.03391462429740577,-0.0700708399120944,0.0,NonInvasiveFetalECGThorax1,HYDRA
50,0.05,bottom,blur,7,7,7,0.48400382054949687,0.5101218546996599,-0.026118034150163005,-0.05396234302069733,0.0,NonInvasiveFetalECGThorax1,HYDRA
50,0.05,random,blur,7,7,7,0.48400382054949687,,-0.0019638019860539037,-0.004057401708983753,0.0,NonInvasiveFetalECGThorax1,HYDRA
50,0.1,top,blur,7,7,7,0.48400382054949687,0.5649746691524647,-0.08097084860296788,-0.16729347552993512,0.0,NonInvasiveFetalECGThorax1,HYDRA
50,0.1,bottom,blur,7,7,7,0.48400382054949687,0.5218398636775005,-0.037836043128003594,-0.07817286423934343,0.0,NonInvasiveFetalECGThorax1,HYDRA
50,0.1,random,blur,7,7,7,0.48400382054949687,,-0.010155634624601274,-0.020982507184683512,0.0,NonInvasiveFetalECGThorax1,HYDRA
50,0.2,top,blur,7,7,7,0.48400382054949687,0.5307343475299658,-0.04673052698046898,-0.09654971396238413,0.0,NonInvasiveFetalECGThorax1,HYDRA
50,0.2,bottom,blur,7,7,7,0.48400382054949687,0.5162040676815732,-0.032200247132076365,-0.06652877360915334,0.0,NonInvasiveFetalECGThorax1,HYDRA
50,0.2,random,blur,7,7,7,0.48400382054949687,,-0.01339849542721101,-0.02768256607857651,0.0,NonInvasiveFetalECGThorax1,HYDRA
51,0.05,top,blur,9,9,9,0.5939779558218363,0.4877210099099263,0.10625694591191004,0.1788900850281668,0.0,NonInvasiveFetalECGThorax1,HYDRA
51,0.05,bottom,blur,9,9,9,0.5939779558218363,0.57752882841689,0.016449127404946307,0.027693114787521553,0.0,NonInvasiveFetalECGThorax1,HYDRA
51,0.05,random,blur,9,9,9,0.5939779558218363,,0.01124346746198115,0.018929067017912367,0.0,NonInvasiveFetalECGThorax1,HYDRA
51,0.1,top,blur,9,9,9,0.5939779558218363,0.45070388369007164,0.14327407213176468,0.24121068722633274,0.0,NonInvasiveFetalECGThorax1,HYDRA
51,0.1,bottom,blur,9,9,9,0.5939779558218363,0.5481129153395479,0.045865040482288455,0.07721660848881261,0.0,NonInvasiveFetalECGThorax1,HYDRA
51,0.1,random,blur,9,9,9,0.5939779558218363,,0.025467347846802955,0.04287584197585928,0.0,NonInvasiveFetalECGThorax1,HYDRA
51,0.2,top,blur,9,9,9,0.5939779558218363,0.43879947894341,0.15517847687842634,0.2612524826973366,0.0,NonInvasiveFetalECGThorax1,HYDRA
51,0.2,bottom,blur,9,9,9,0.5939779558218363,0.522121530265121,0.07185642555671534,0.12097469927582524,0.0,NonInvasiveFetalECGThorax1,HYDRA
51,0.2,random,blur,9,9,9,0.5939779558218363,,-0.003343767030105127,-0.005629436863598394,0.0,NonInvasiveFetalECGThorax1,HYDRA
52,0.05,top,blur,5,5,5,0.294046493158057,0.2719113502100067,0.0221351429480503,0.07527744144430498,0.0,NonInvasiveFetalECGThorax1,HYDRA
52,0.05,bottom,blur,5,5,5,0.294046493158057,0.27014174137431535,0.02390475178374163,0.08129554694381394,0.0,NonInvasiveFetalECGThorax1,HYDRA
52,0.05,random,blur,5,5,5,0.294046493158057,,0.02431827048974915,0.08270184597927366,0.0,NonInvasiveFetalECGThorax1,HYDRA
52,0.1,top,blur,5,5,5,0.294046493158057,0.26901810566177986,0.025028387496277116,0.08511681982891046,0.0,NonInvasiveFetalECGThorax1,HYDRA
52,0.1,bottom,blur,5,5,5,0.294046493158057,0.2630035983353559,0.03104289482270106,0.10557102354215558,0.0,NonInvasiveFetalECGThorax1,HYDRA
52,0.1,random,blur,5,5,5,0.294046493158057,,0.039729625989741814,0.1351129559481953,0.0,NonInvasiveFetalECGThorax1,HYDRA
52,0.2,top,blur,5,5,5,0.294046493158057,0.23449284222174882,0.059553650936308156,0.20253072147191123,0.0,NonInvasiveFetalECGThorax1,HYDRA
52,0.2,bottom,blur,5,5,5,0.294046493158057,0.2350990119888664,0.058947481169190574,0.20046925255541972,0.0,NonInvasiveFetalECGThorax1,HYDRA
52,0.2,random,blur,5,5,5,0.294046493158057,,0.04885089509893881,0.16613266984282835,0.0,NonInvasiveFetalECGThorax1,HYDRA
53,0.05,top,blur,23,23,23,-0.46747407393192375,-0.4749670129644693,0.007492939032545554,0.016028531680892823,0.0,NonInvasiveFetalECGThorax1,HYDRA
53,0.05,bottom,blur,23,23,23,-0.46747407393192375,-0.48228595429837295,0.014811880366449204,0.03168485592582887,0.0,NonInvasiveFetalECGThorax1,HYDRA
53,0.05,random,blur,23,23,23,-0.46747407393192375,,0.03412580315938849,0.0730002626072809,0.0,NonInvasiveFetalECGThorax1,HYDRA
53,0.1,top,blur,23,23,23,-0.46747407393192375,-0.4269273096263665,-0.04054676430555726,-0.08673567119743779,0.0,NonInvasiveFetalECGThorax1,HYDRA
53,0.1,bottom,blur,23,23,23,-0.46747407393192375,-0.4415228920855071,-0.02595118184641665,-0.055513509261877356,0.0,NonInvasiveFetalECGThorax1,HYDRA
53,0.1,random,blur,23,23,25,-0.46747407393192375,,0.040751900451257074,0.08717448848875223,0.4,NonInvasiveFetalECGThorax1,HYDRA
53,0.2,top,blur,23,23,23,-0.46747407393192375,-0.42920407319947496,-0.038270000732448795,-0.08186532901221998,0.0,NonInvasiveFetalECGThorax1,HYDRA
53,0.2,bottom,blur,23,23,23,-0.46747407393192375,-0.4538699212020907,-0.013604152729833063,-0.02910134355487406,0.0,NonInvasiveFetalECGThorax1,HYDRA
53,0.2,random,blur,23,23,23,-0.46747407393192375,,-0.01284296390180728,-0.027473045340760872,0.0,NonInvasiveFetalECGThorax1,HYDRA
