true_label,pred_label,fraction,method_a,method_b,iou,overlap_fraction,normalised_centre_distance,score_drop_a,score_drop_b,flipped_a,flipped_b,explain_time_a_s,explain_time_b_s,dataset,sample_idx
1,1,0.05,hydra,shapley_sampling,0.4,0.5714285714285714,0.02142857142857143,0.5452619379800356,0.38372874560906406,0,0,0.07779732500057435,0.7424782710004365,ECG5000,3390
1,1,0.1,hydra,shapley_sampling,0.0,0.0,0.45,0.13154622031674856,0.7840958032220691,0,0,0.07779732500057435,0.7424782710004365,ECG5000,3390
1,1,0.2,hydra,shapley_sampling,0.0,0.0,0.39285714285714285,-0.11801741533666665,0.8074427780523008,0,1,0.07779732500057435,0.7424782710004365,ECG5000,3390
1,1,0.05,hydra,feature_ablation,0.4,0.5714285714285714,0.02142857142857143,0.5452619379800356,0.3837287388171127,0,0,0.07779732500057435,0.031495043003815226,ECG5000,3390
1,1,0.1,hydra,feature_ablation,0.0,0.0,0.45,0.13154622031674856,0.7840958088037779,0,0,0.07779732500057435,0.031495043003815226,ECG5000,3390
1,1,0.2,hydra,feature_ablation,0.0,0.0,0.39285714285714285,-0.11801741533666665,0.8074427729275919,0,1,0.07779732500057435,0.031495043003815226,ECG5000,3390
1,1,0.05,hydra,mrsqm,0.0,0.0,0.9214285714285714,0.5452619379800356,0.3165562002901235,0,0,0.07779732500057435,1.7974001821130514e-05,ECG5000,3390
1,1,0.1,hydra,mrsqm,0.0,0.0,0.45,0.13154622031674856,0.14205396287664662,0,0,0.07779732500057435,1.7974001821130514e-05,ECG5000,3390
1,1,0.2,hydra,mrsqm,0.0,0.0,0.40714285714285714,-0.11801741533666665,0.1545589020726914,0,0,0.07779732500057435,1.7974001821130514e-05,ECG5000,3390
1,1,0.05,shapley_sampling,feature_ablation,1.0,1.0,0.0,0.38372874560906406,0.3837287388171127,0,0,0.7424782710004365,0.031495043003815226,ECG5000,3390
1,1,0.1,shapley_sampling,feature_ablation,1.0,1.0,0.0,0.7840958032220691,0.7840958088037779,0,0,0.7424782710004365,0.031495043003815226,ECG5000,3390
1,1,0.2,shapley_sampling,feature_ablation,1.0,1.0,0.0,0.8074427780523008,0.8074427729275919,1,1,0.7424782710004365,0.031495043003815226,ECG5000,3390
1,1,0.05,shapley_sampling,mrsqm,0.0,0.0,0.9,0.38372874560906406,0.3165562002901235,0,0,0.7424782710004365,1.7974001821130514e-05,ECG5000,3390
1,1,0.1,shapley_sampling,mrsqm,0.0,0.0,0.9,0.7840958032220691,0.14205396287664662,0,0,0.7424782710004365,1.7974001821130514e-05,ECG5000,3390
1,1,0.2,shapley_sampling,mrsqm,0.0,0.0,0.8,0.8074427780523008,0.1545589020726914,1,0,0.7424782710004365,1.7974001821130514e-05,ECG5000,3390
1,1,0.05,feature_ablation,mrsqm,0.0,0.0,0.9,0.3837287388171127,0.3165562002901235,0,0,0.031495043003815226,1.7974001821130514e-05,ECG5000,3390
1,1,0.1,feature_ablation,mrsqm,0.0,0.0,0.9,0.7840958088037779,0.14205396287664662,0,0,0.031495043003815226,1.7974001821130514e-05,ECG5000,3390
1,1,0.2,feature_ablation,mrsqm,0.0,0.0,0.8,0.8074427729275919,0.1545589020726914,1,0,0.031495043003815226,1.7974001821130514e-05,ECG5000,3390
1,1,0.05,hydra,shapley_sampling,1.0,1.0,0.0,0.7394579780809414,0.7394579835293704,0,0,0.06264846100384602,0.7519664579958771,ECG5000,3124
1,1,0.1,hydra,shapley_sampling,1.0,1.0,0.0,1.009781720713962,1.009781716236291,0,0,0.06264846100384602,0.7519664579958771,ECG5000,3124
1,1,0.2,hydra,shapley_sampling,0.9310344827586207,0.9642857142857143,0.007142857142857143,1.15948640109032,1.1129839081099184,0,0,0.06264846100384602,0.7519664579958771,ECG5000,3124
1,1,0.05,hydra,feature_ablation,1.0,1.0,0.0,0.7394579780809414,0.7394579741915435,0,0,0.06264846100384602,0.03305123499740148,ECG5000,3124
1,1,0.1,hydra,feature_ablation,1.0,1.0,0.0,1.009781720713962,1.0097817221686691,0,0,0.06264846100384602,0.03305123499740148,ECG5000,3124
1,1,0.2,hydra,feature_ablation,0.9310344827586207,0.9642857142857143,0.007142857142857143,1.15948640109032,1.1129839110433495,0,0,0.06264846100384602,0.03305123499740148,ECG5000,3124
1,1,0.05,hydra,mrsqm,0.0,0.0,0.95,0.7394579780809414,0.3873893122608212,0,0,0.06264846100384602,2.5047003873623908e-05,ECG5000,3124
1,1,0.1,hydra,mrsqm,0.0,0.0,0.9,1.009781720713962,0.3869013425128709,0,0,0.06264846100384602,2.5047003873623908e-05,ECG5000,3124
1,1,0.2,hydra,mrsqm,0.0,0.0,0.7928571428571428,1.15948640109032,0.25641562865917633,0,0,0.06264846100384602,2.5047003873623908e-05,ECG5000,3124
1,1,0.05,shapley_sampling,feature_ablation,1.0,1.0,0.0,0.7394579835293704,0.7394579741915435,0,0,0.7519664579958771,0.03305123499740148,ECG5000,3124
1,1,0.1,shapley_sampling,feature_ablation,1.0,1.0,0.0,1.009781716236291,1.0097817221686691,0,0,0.7519664579958771,0.03305123499740148,ECG5000,3124
1,1,0.2,shapley_sampling,feature_ablation,1.0,1.0,0.0,1.1129839081099184,1.1129839110433495,0,0,0.7519664579958771,0.03305123499740148,ECG5000,3124
1,1,0.05,shapley_sampling,mrsqm,0.0,0.0,0.95,0.7394579835293704,0.3873893122608212,0,0,0.7519664579958771,2.5047003873623908e-05,ECG5000,3124
1,1,0.1,shapley_sampling,mrsqm,0.0,0.0,0.9,1.009781716236291,0.3869013425128709,0,0,0.7519664579958771,2.5047003873623908e-05,ECG5000,3124
1,1,0.2,shapley_sampling,mrsqm,0.0,0.0,0.8,1.1129839081099184,0.25641562865917633,0,0,0.7519664579958771,2.5047003873623908e-05,ECG5000,3124
1,1,0.05,feature_ablation,mrsqm,0.0,0.0,0.95,0.7394579741915435,0.3873893122608212,0,0,0.03305123499740148,2.5047003873623908e-05,ECG5000,3124
1,1,0.1,feature_ablation,mrsqm,0.0,0.0,0.9,1.0097817221686691,0.3869013425128709,0,0,0.03305123499740148,2.5047003873623908e-05,ECG5000,3124
1,1,0.2,feature_ablation,mrsqm,0.0,0.0,0.8,1.1129839110433495,0.25641562865917633,0,0,0.03305123499740148,2.5047003873623908e-05,ECG5000,3124
0,0,0.05,hydra,shapley_sampling,0.0,0.0,0.8857142857142857,0.10998728321127327,0.21694484450371232,0,0,0.06502525999530917,0.7535284820041852,ECG5000,858
0,0,0.1,hydra,shapley_sampling,0.0,0.0,0.8571428571428571,0.15826287390008875,0.5021519787164259,0,0,0.06502525999530917,0.7535284820041852,ECG5000,858
0,0,0.2,hydra,shapley_sampling,0.0,0.0,0.7857142857142857,0.1595226011669536,0.44012229392854985,0,0,0.06502525999530917,0.7535284820041852,ECG5000,858
0,0,0.05,hydra,feature_ablation,0.0,0.0,0.8857142857142857,0.10998728321127327,0.21694485015349374,0,0,0.06502525999530917,0.032121502998052165,ECG5000,858
0,0,0.1,hydra,feature_ablation,0.0,0.0,0.8571428571428571,0.15826287390008875,0.5021519721444725,0,0,0.06502525999530917,0.032121502998052165,ECG5000,858
0,0,0.2,hydra,feature_ablation,0.0,0.0,0.7857142857142857,0.1595226011669536,0.4401222855187218,0,0,0.06502525999530917,0.032121502998052165,ECG5000,858
0,0,0.05,hydra,mrsqm,0.0,0.0,0.8857142857142857,0.10998728321127327,0.21694485434831023,0,0,0.06502525999530917,1.731200609356165e-05,ECG5000,858
0,0,0.1,hydra,mrsqm,0.0,0.0,0.8571428571428571,0.15826287390008875,0.5021519886387432,0,0,0.06502525999530917,1.731200609356165e-05,ECG5000,858
0,0,0.2,hydra,mrsqm,0.0,0.0,0.7857142857142857,0.1595226011669536,0.4401222905087663,0,0,0.06502525999530917,1.731200609356165e-05,ECG5000,858
0,0,0.05,shapley_sampling,feature_ablation,1.0,1.0,0.0,0.21694484450371232,0.21694485015349374,0,0,0.7535284820041852,0.032121502998052165,ECG5000,858
0,0,0.1,shapley_sampling,feature_ablation,1.0,1.0,0.0,0.5021519787164259,0.5021519721444725,0,0,0.7535284820041852,0.032121502998052165,ECG5000,858
0,0,0.2,shapley_sampling,feature_ablation,1.0,1.0,0.0,0.44012229392854985,0.4401222855187218,0,0,0.7535284820041852,0.032121502998052165,ECG5000,858
0,0,0.05,shapley_sampling,mrsqm,1.0,1.0,0.0,0.21694484450371232,0.21694485434831023,0,0,0.7535284820041852,1.731200609356165e-05,ECG5000,858
0,0,0.1,shapley_sampling,mrsqm,1.0,1.0,0.0,0.5021519787164259,0.5021519886387432,0,0,0.7535284820041852,1.731200609356165e-05,ECG5000,858
0,0,0.2,shapley_sampling,mrsqm,1.0,1.0,0.0,0.44012229392854985,0.4401222905087663,0,0,0.7535284820041852,1.731200609356165e-05,ECG5000,858
0,0,0.05,feature_ablation,mrsqm,1.0,1.0,0.0,0.21694485015349374,0.21694485434831023,0,0,0.032121502998052165,1.731200609356165e-05,ECG5000,858
0,0,0.1,feature_ablation,mrsqm,1.0,1.0,0.0,0.5021519721444725,0.5021519886387432,0,0,0.032121502998052165,1.731200609356165e-05,ECG5000,858
0,0,0.2,feature_ablation,mrsqm,1.0,1.0,0.0,0.4401222855187218,0.4401222905087663,0,0,0.032121502998052165,1.731200609356165e-05,ECG5000,858
1,1,0.05,hydra,shapley_sampling,0.2727272727272727,0.42857142857142855,0.02857142857142857,0.8206206681762936,0.8026507468380522,0,0,0.06477439800073626,0.7546962620035629,ECG5000,4369
1,1,0.1,hydra,shapley_sampling,1.0,1.0,0.0,1.0007626090378696,1.0007626165652947,1,1,0.06477439800073626,0.7546962620035629,ECG5000,4369
1,1,0.2,hydra,shapley_sampling,0.0,0.0,0.7,0.14385888672643343,1.0633797670331138,0,1,0.06477439800073626,0.7546962620035629,ECG5000,4369
1,1,0.05,hydra,feature_ablation,0.2727272727272727,0.42857142857142855,0.02857142857142857,0.8206206681762936,0.8026507506017118,0,0,0.06477439800073626,0.03360529799829237,ECG5000,4369
1,1,0.1,hydra,feature_ablation,1.0,1.0,0.0,1.0007626090378696,1.000762610395817,1,1,0.06477439800073626,0.03360529799829237,ECG5000,4369
1,1,0.2,hydra,feature_ablation,0.0,0.0,0.7,0.14385888672643343,1.063379777347175,0,1,0.06477439800073626,0.03360529799829237,ECG5000,4369
1,1,0.05,hydra,mrsqm,0.0,0.0,0.9285714285714286,0.8206206681762936,0.17918169765124836,0,0,0.06477439800073626,1.913599407998845e-05,ECG5000,4369
1,1,0.1,hydra,mrsqm,0.0,0.0,0.9,1.0007626090378696,0.08842447691130095,1,0,0.06477439800073626,1.913599407998845e-05,ECG5000,4369
1,1,0.2,hydra,mrsqm,0.3333333333333333,0.5,0.1,0.14385888672643343,-0.08504923354022775,0,0,0.06477439800073626,1.913599407998845e-05,ECG5000,4369
1,1,0.05,shapley_sampling,feature_ablation,1.0,1.0,0.0,0.8026507468380522,0.8026507506017118,0,0,0.7546962620035629,0.03360529799829237,ECG5000,4369
1,1,0.1,shapley_sampling,feature_ablation,1.0,1.0,0.0,1.0007626165652947,1.000762610395817,1,1,0.7546962620035629,0.03360529799829237,ECG5000,4369
1,1,0.2,shapley_sampling,feature_ablation,1.0,1.0,0.0,1.0633797670331138,1.063379777347175,1,1,0.7546962620035629,0.03360529799829237,ECG5000,4369
1,1,0.05,shapley_sampling,mrsqm,0.0,0.0,0.9,0.8026507468380522,0.17918169765124836,0,0,0.7546962620035629,1.913599407998845e-05,ECG5000,4369
1,1,0.1,shapley_sampling,mrsqm,0.0,0.0,0.9,1.0007626165652947,0.08842447691130095,1,0,0.7546962620035629,1.913599407998845e-05,ECG5000,4369
1,1,0.2,shapley_sampling,mrsqm,0.0,0.0,0.8,1.0633797670331138,-0.08504923354022775,1,0,0.7546962620035629,1.913599407998845e-05,ECG5000,4369
1,1,0.05,feature_ablation,mrsqm,0.0,0.0,0.9,0.8026507506017118,0.17918169765124836,0,0,0.03360529799829237,1.913599407998845e-05,ECG5000,4369
1,1,0.1,feature_ablation,mrsqm,0.0,0.0,0.9,1.000762610395817,0.08842447691130095,1,0,0.03360529799829237,1.913599407998845e-05,ECG5000,4369
1,1,0.2,feature_ablation,mrsqm,0.0,0.0,0.8,1.063379777347175,-0.08504923354022775,1,0,0.03360529799829237,1.913599407998845e-05,ECG5000,4369
1,1,0.05,hydra,shapley_sampling,1.0,1.0,0.0,0.7255095472451734,0.7255095528147297,1,1,0.06518280699674506,0.757150195997383,ECG5000,3765
1,1,0.1,hydra,shapley_sampling,1.0,1.0,0.0,0.8889455073323798,0.8889455123596306,1,1,0.06518280699674506,0.757150195997383,ECG5000,3765
1,1,0.2,hydra,shapley_sampling,1.0,1.0,0.0,0.835719653629384,0.835719646818547,1,1,0.06518280699674506,0.757150195997383,ECG5000,3765
1,1,0.05,hydra,feature_ablation,1.0,1.0,0.0,0.7255095472451734,0.7255095451568863,1,1,0.06518280699674506,0.033351801001117565,ECG5000,3765
1,1,0.1,hydra,feature_ablation,1.0,1.0,0.0,0.8889455073323798,0.888945508366932,1,1,0.06518280699674506,0.033351801001117565,ECG5000,3765
1,1,0.2,hydra,feature_ablation,1.0,1.0,0.0,0.835719653629384,0.8357196540985026,1,1,0.06518280699674506,0.033351801001117565,ECG5000,3765
1,1,0.05,hydra,mrsqm,0.0,0.0,0.95,0.7255095472451734,0.03384297576738993,1,0,0.06518280699674506,2.328399568796158e-05,ECG5000,3765
1,1,0.1,hydra,mrsqm,0.0,0.0,0.9,0.8889455073323798,-0.15083639828878953,1,0,0.06518280699674506,2.328399568796158e-05,ECG5000,3765
1,1,0.2,hydra,mrsqm,0.0,0.0,0.8,0.835719653629384,0.0340173993103603,1,0,0.06518280699674506,2.328399568796158e-05,ECG5000,3765
1,1,0.05,shapley_sampling,feature_ablation,1.0,1.0,0.0,0.7255095528147297,0.7255095451568863,1,1,0.757150195997383,0.033351801001117565,ECG5000,3765
1,1,0.1,shapley_sampling,feature_ablation,1.0,1.0,0.0,0.8889455123596306,0.888945508366932,1,1,0.757150195997383,0.033351801001117565,ECG5000,3765
1,1,0.2,shapley_sampling,feature_ablation,1.0,1.0,0.0,0.835719646818547,0.8357196540985026,1,1,0.757150195997383,0.033351801001117565,ECG5000,3765
1,1,0.05,shapley_sampling,mrsqm,0.0,0.0,0.95,0.7255095528147297,0.03384297576738993,1,0,0.757150195997383,2.328399568796158e-05,ECG5000,3765
1,1,0.1,shapley_sampling,mrsqm,0.0,0.0,0.9,0.8889455123596306,-0.15083639828878953,1,0,0.757150195997383,2.328399568796158e-05,ECG5000,3765
1,1,0.2,shapley_sampling,mrsqm,0.0,0.0,0.8,0.835719646818547,0.0340173993103603,1,0,0.757150195997383,2.328399568796158e-05,ECG5000,3765
1,1,0.05,feature_ablation,mrsqm,0.0,0.0,0.95,0.7255095451568863,0.03384297576738993,1,0,0.033351801001117565,2.328399568796158e-05,ECG5000,3765
1,1,0.1,feature_ablation,mrsqm,0.0,0.0,0.9,0.888945508366932,-0.15083639828878953,1,0,0.033351801001117565,2.328399568796158e-05,ECG5000,3765
1,1,0.2,feature_ablation,mrsqm,0.0,0.0,0.8,0.8357196540985026,0.0340173993103603,1,0,0.033351801001117565,2.328399568796158e-05,ECG5000,3765
1,1,0.05,hydra,shapley_sampling,1.0,1.0,0.0,0.7391235106389467,0.739123510992113,0,0,0.06373729299957631,0.7575401200010674,ECG5000,3328
1,1,0.1,hydra,shapley_sampling,1.0,1.0,0.0,0.8316994927924697,0.8316994977355922,0,0,0.06373729299957631,0.7575401200010674,ECG5000,3328
1,1,0.2,hydra,shapley_sampling,1.0,1.0,0.0,0.8878515139477217,0.8878515097967481,0,0,0.06373729299957631,0.7575401200010674,ECG5000,3328
1,1,0.05,hydra,feature_ablation,1.0,1.0,0.0,0.7391235106389467,0.7391235083584147,0,0,0.06373729299957631,0.03301539699896239,ECG5000,3328
1,1,0.1,hydra,feature_ablation,1.0,1.0,0.0,0.8316994927924697,0.8316995029627943,0,0,0.06373729299957631,0.03301539699896239,ECG5000,3328
1,1,0.2,hydra,feature_ablation,1.0,1.0,0.0,0.8878515139477217,0.8878515040928268,0,0,0.06373729299957631,0.03301539699896239,ECG5000,3328
1,1,0.05,hydra,mrsqm,0.0,0.0,0.95,0.7391235106389467,0.3133434323408164,0,0,0.06373729299957631,1.966700074262917e-05,ECG5000,3328
1,1,0.1,hydra,mrsqm,0.0,0.0,0.9,0.8316994927924697,0.4264141998676305,0,0,0.06373729299957631,1.966700074262917e-05,ECG5000,3328
1,1,0.2,hydra,mrsqm,0.0,0.0,0.8,0.8878515139477217,0.330529364683279,0,0,0.06373729299957631,1.966700074262917e-05,ECG5000,3328
1,1,0.05,shapley_sampling,feature_ablation,1.0,1.0,0.0,0.739123510992113,0.7391235083584147,0,0,0.7575401200010674,0.03301539699896239,ECG5000,3328
1,1,0.1,shapley_sampling,feature_ablation,1.0,1.0,0.0,0.8316994977355922,0.8316995029627943,0,0,0.7575401200010674,0.03301539699896239,ECG5000,3328
1,1,0.2,shapley_sampling,feature_ablation,1.0,1.0,0.0,0.8878515097967481,0.8878515040928268,0,0,0.7575401200010674,0.03301539699896239,ECG5000,3328
1,1,0.05,shapley_sampling,mrsqm,0.0,0.0,0.95,0.739123510992113,0.3133434323408164,0,0,0.7575401200010674,1.966700074262917e-05,ECG5000,3328
1,1,0.1,shapley_sampling,mrsqm,0.0,0.0,0.9,0.8316994977355922,0.4264141998676305,0,0,0.7575401200010674,1.966700074262917e-05,ECG5000,3328
1,1,0.2,shapley_sampling,mrsqm,0.0,0.0,0.8,0.8878515097967481,0.330529364683279,0,0,0.7575401200010674,1.966700074262917e-05,ECG5000,3328
1,1,0.05,feature_ablation,mrsqm,0.0,0.0,0.95,0.7391235083584147,0.3133434323408164,0,0,0.03301539699896239,1.966700074262917e-05,ECG5000,3328
1,1,0.1,feature_ablation,mrsqm,0.0,0.0,0.9,0.8316995029627943,0.4264141998676305,0,0,0.03301539699896239,1.966700074262917e-05,ECG5000,3328
1,1,0.2,feature_ablation,mrsqm,0.0,0.0,0.8,0.8878515040928268,0.330529364683279,0,0,0.03301539699896239,1.966700074262917e-05,ECG5000,3328
0,0,0.05,hydra,shapley_sampling,0.0,0.0,0.8785714285714286,0.06817020810442831,0.1953931320737261,0,0,0.0642625330001465,0.7602989980005077,ECG5000,546
0,0,0.1,hydra,shapley_sampling,0.0,0.0,0.1,0.014564121235273952,0.18702028718205954,0,0,0.0642625330001465,0.7602989980005077,ECG5000,546
0,0,0.2,hydra,shapley_sampling,0.19148936170212766,0.32142857142857145,0.1357142857142857,0.03670038542832599,0.5823620989159327,0,0,0.0642625330001465,0.7602989980005077,ECG5000,546
0,0,0.05,hydra,feature_ablation,0.0,0.0,0.8785714285714286,0.06817020810442831,0.19539313840755135,0,0,0.0642625330001465,0.032941118006419856,ECG5000,546
0,0,0.1,hydra,feature_ablation,0.0,0.0,0.15,0.014564121235273952,0.4861589564869136,0,0,0.0642625330001465,0.032941118006419856,ECG5000,546
0,0,0.2,hydra,feature_ablation,0.0,0.0,0.7857142857142857,0.03670038542832599,0.42837482885559514,0,0,0.0642625330001465,0.032941118006419856,ECG5000,546
0,0,0.05,hydra,mrsqm,0.0,0.0,0.8785714285714286,0.06817020810442831,0.19539313238978684,0,0,0.0642625330001465,1.9446997612249106e-05,ECG5000,546
0,0,0.1,hydra,mrsqm,0.0,0.0,0.85,0.014564121235273952,0.45708204765548127,0,0,0.0642625330001465,1.9446997612249106e-05,ECG5000,546
0,0,0.2,hydra,mrsqm,0.0,0.0,0.7857142857142857,0.03670038542832599,0.42837482455001785,0,0,0.0642625330001465,1.9446997612249106e-05,ECG5000,546
0,0,0.05,shapley_sampling,feature_ablation,1.0,1.0,0.0,0.1953931320737261,0.19539313840755135,0,0,0.7602989980005077,0.032941118006419856,ECG5000,546
0,0,0.1,shapley_sampling,feature_ablation,0.3333333333333333,0.5,0.05,0.18702028718205954,0.4861589564869136,0,0,0.7602989980005077,0.032941118006419856,ECG5000,546
0,0,0.2,shapley_sampling,feature_ablation,0.0,0.0,0.65,0.5823620989159327,0.42837482885559514,0,0,0.7602989980005077,0.032941118006419856,ECG5000,546
0,0,0.05,shapley_sampling,mrsqm,1.0,1.0,0.0,0.1953931320737261,0.19539313238978684,0,0,0.7602989980005077,1.9446997612249106e-05,ECG5000,546
0,0,0.1,shapley_sampling,mrsqm,0.0,0.0,0.75,0.18702028718205954,0.45708204765548127,0,0,0.7602989980005077,1.9446997612249106e-05,ECG5000,546
0,0,0.2,shapley_sampling,mrsqm,0.0,0.0,0.65,0.5823620989159327,0.42837482455001785,0,0,0.7602989980005077,1.9446997612249106e-05,ECG5000,546
0,0,0.05,feature_ablation,mrsqm,1.0,1.0,0.0,0.19539313840755135,0.19539313238978684,0,0,0.032941118006419856,1.9446997612249106e-05,ECG5000,546
0,0,0.1,feature_ablation,mrsqm,0.0,0.0,0.7,0.4861589564869136,0.45708204765548127,0,0,0.032941118006419856,1.9446997612249106e-05,ECG5000,546
0,0,0.2,feature_ablation,mrsqm,1.0,1.0,0.0,0.42837482885559514,0.42837482455001785,0,0,0.032941118006419856,1.9446997612249106e-05,ECG5000,546
0,0,0.05,hydra,shapley_sampling,0.0,0.0,0.8857142857142857,0.016156836994059565,0.19275843663847825,0,0,0.0635733250019257,0.7590565970021999,ECG5000,378
0,0,0.1,hydra,shapley_sampling,0.0,0.0,0.15714285714285714,0.09721990351917342,0.680246190251418,0,0,0.0635733250019257,0.7590565970021999,ECG5000,378
0,0,0.2,hydra,shapley_sampling,0.037037037037037035,0.07142857142857142,0.18571428571428572,0.1755280977470557,0.4001874199376094,0,0,0.0635733250019257,0.7590565970021999,ECG5000,378
0,0,0.05,hydra,feature_ablation,0.0,0.0,0.8857142857142857,0.016156836994059565,0.19275843832380546,0,0,0.0635733250019257,0.03251505499792984,ECG5000,378
0,0,0.1,hydra,feature_ablation,0.0,0.0,0.15714285714285714,0.09721990351917342,0.6802461999622675,0,0,0.0635733250019257,0.03251505499792984,ECG5000,378
0,0,0.2,hydra,feature_ablation,0.0,0.0,0.2357142857142857,0.1755280977470557,-0.005546074919746458,0,0,0.0635733250019257,0.03251505499792984,ECG5000,378
0,0,0.05,hydra,mrsqm,0.0,0.0,0.8857142857142857,0.016156836994059565,0.1927584335460416,0,0,0.0635733250019257,2.0268002117518336e-05,ECG5000,378
0,0,0.1,hydra,mrsqm,0.0,0.0,0.8571428571428571,0.09721990351917342,0.5107007767146274,0,0,0.0635733250019257,2.0268002117518336e-05,ECG5000,378
0,0,0.2,hydra,mrsqm,0.0,0.0,0.7857142857142857,0.1755280977470557,0.5688679702594603,0,0,0.0635733250019257,2.0268002117518336e-05,ECG5000,378
0,0,0.05,shapley_sampling,feature_ablation,1.0,1.0,0.0,0.19275843663847825,0.19275843832380546,0,0,0.7590565970021999,0.03251505499792984,ECG5000,378
0,0,0.1,shapley_sampling,feature_ablation,1.0,1.0,0.0,0.680246190251418,0.6802461999622675,0,0,0.7590565970021999,0.03251505499792984,ECG5000,378
0,0,0.2,shapley_sampling,feature_ablation,0.6,0.75,0.05,0.4001874199376094,-0.005546074919746458,0,0,0.7590565970021999,0.03251505499792984,ECG5000,378
0,0,0.05,shapley_sampling,mrsqm,1.0,1.0,0.0,0.19275843663847825,0.1927584335460416,0,0,0.7590565970021999,2.0268002117518336e-05,ECG5000,378
0,0,0.1,shapley_sampling,mrsqm,0.0,0.0,0.7,0.680246190251418,0.5107007767146274,0,0,0.7590565970021999,2.0268002117518336e-05,ECG5000,378
0,0,0.2,shapley_sampling,mrsqm,0.0,0.0,0.6,0.4001874199376094,0.5688679702594603,0,0,0.7590565970021999,2.0268002117518336e-05,ECG5000,378
0,0,0.05,feature_ablation,mrsqm,1.0,1.0,0.0,0.19275843832380546,0.1927584335460416,0,0,0.03251505499792984,2.0268002117518336e-05,ECG5000,378
0,0,0.1,feature_ablation,mrsqm,0.0,0.0,0.7,0.6802461999622675,0.5107007767146274,0,0,0.03251505499792984,2.0268002117518336e-05,ECG5000,378
0,0,0.2,feature_ablation,mrsqm,0.0,0.0,0.55,-0.005546074919746458,0.5688679702594603,0,0,0.03251505499792984,2.0268002117518336e-05,ECG5000,378
1,1,0.05,hydra,shapley_sampling,0.0,0.0,0.4928571428571429,0.2657412295049728,0.5856930314653437,0,0,0.06268984000053024,0.7349846910001361,ECG5000,2801
1,1,0.1,hydra,shapley_sampling,0.0,0.0,0.45,0.3706350186510492,0.8307502747488982,0,0,0.06268984000053024,0.7349846910001361,ECG5000,2801
1,1,0.2,hydra,shapley_sampling,0.0,0.0,0.35714285714285715,0.019717743219967776,0.84732766665062,0,0,0.06268984000053024,0.7349846910001361,ECG5000,2801
1,1,0.05,hydra,feature_ablation,0.0,0.0,0.4928571428571429,0.2657412295049728,0.5856930193288397,0,0,0.06268984000053024,0.032203426999330986,ECG5000,2801
1,1,0.1,hydra,feature_ablation,0.0,0.0,0.45,0.3706350186510492,0.8307502692887021,0,0,0.06268984000053024,0.032203426999330986,ECG5000,2801
1,1,0.2,hydra,feature_ablation,0.0,0.0,0.35714285714285715,0.019717743219967776,0.8473276842386519,0,0,0.06268984000053024,0.032203426999330986,ECG5000,2801
1,1,0.05,hydra,mrsqm,0.0,0.0,0.45714285714285713,0.2657412295049728,0.4872614354890825,0,0,0.06268984000053024,1.8884995370171964e-05,ECG5000,2801
1,1,0.1,hydra,mrsqm,0.0,0.0,0.45,0.3706350186510492,0.3330260633738724,0,0,0.06268984000053024,1.8884995370171964e-05,ECG5000,2801
1,1,0.2,hydra,mrsqm,0.0,0.0,0.44285714285714284,0.019717743219967776,0.134552160997498,0,0,0.06268984000053024,1.8884995370171964e-05,ECG5000,2801
1,1,0.05,shapley_sampling,feature_ablation,1.0,1.0,0.0,0.5856930314653437,0.5856930193288397,0,0,0.7349846910001361,0.032203426999330986,ECG5000,2801
1,1,0.1,shapley_sampling,feature_ablation,1.0,1.0,0.0,0.8307502747488982,0.8307502692887021,0,0,0.7349846910001361,0.032203426999330986,ECG5000,2801
1,1,0.2,shapley_sampling,feature_ablation,1.0,1.0,0.0,0.84732766665062,0.8473276842386519,0,0,0.7349846910001361,0.032203426999330986,ECG5000,2801
1,1,0.05,shapley_sampling,mrsqm,0.0,0.0,0.95,0.5856930314653437,0.4872614354890825,0,0,0.7349846910001361,1.8884995370171964e-05,ECG5000,2801
1,1,0.1,shapley_sampling,mrsqm,0.0,0.0,0.9,0.8307502747488982,0.3330260633738724,0,0,0.7349846910001361,1.8884995370171964e-05,ECG5000,2801
1,1,0.2,shapley_sampling,mrsqm,0.0,0.0,0.8,0.84732766665062,0.134552160997498,0,0,0.7349846910001361,1.8884995370171964e-05,ECG5000,2801
1,1,0.05,feature_ablation,mrsqm,0.0,0.0,0.95,0.5856930193288397,0.4872614354890825,0,0,0.032203426999330986,1.8884995370171964e-05,ECG5000,2801
1,1,0.1,feature_ablation,mrsqm,0.0,0.0,0.9,0.8307502692887021,0.3330260633738724,0,0,0.032203426999330986,1.8884995370171964e-05,ECG5000,2801
1,1,0.2,feature_ablation,mrsqm,0.0,0.0,0.8,0.8473276842386519,0.134552160997498,0,0,0.032203426999330986,1.8884995370171964e-05,ECG5000,2801
0,0,0.05,hydra,shapley_sampling,0.0,0.0,0.6928571428571428,0.16406230219415774,0.19293947368634723,0,0,0.06323250199784525,0.7277762190060457,ECG5000,2189
0,0,0.1,hydra,shapley_sampling,0.0,0.0,0.6642857142857143,0.17546983929244986,0.467726308465774,0,0,0.06323250199784525,0.7277762190060457,ECG5000,2189
0,0,0.2,hydra,shapley_sampling,0.8064516129032258,0.8928571428571429,0.02142857142857143,0.6115390445652502,0.5909186688042983,0,0,0.06323250199784525,0.7277762190060457,ECG5000,2189
0,0,0.05,hydra,feature_ablation,0.0,0.0,0.6928571428571428,0.16406230219415774,0.19293947444981274,0,0,0.06323250199784525,0.03168023099715356,ECG5000,2189
0,0,0.1,hydra,feature_ablation,0.47368421052631576,0.6428571428571429,0.03571428571428571,0.17546983929244986,0.5166676255479118,0,0,0.06323250199784525,0.03168023099715356,ECG5000,2189
0,0,0.2,hydra,feature_ablation,0.8064516129032258,0.8928571428571429,0.02142857142857143,0.6115390445652502,0.5909186840252202,0,0,0.06323250199784525,0.03168023099715356,ECG5000,2189
0,0,0.05,hydra,mrsqm,0.0,0.0,0.6928571428571428,0.16406230219415774,0.19293947097603903,0,0,0.06323250199784525,1.803399936761707e-05,ECG5000,2189
0,0,0.1,hydra,mrsqm,0.0,0.0,0.6642857142857143,0.17546983929244986,0.4677263125700498,0,0,0.06323250199784525,1.803399936761707e-05,ECG5000,2189
0,0,0.2,hydra,mrsqm,0.0,0.0,0.6714285714285714,0.6115390445652502,0.4245160056711307,0,0,0.06323250199784525,1.803399936761707e-05,ECG5000,2189
0,0,0.05,shapley_sampling,feature_ablation,1.0,1.0,0.0,0.19293947368634723,0.19293947444981274,0,0,0.7277762190060457,0.03168023099715356,ECG5000,2189
0,0,0.1,shapley_sampling,feature_ablation,0.0,0.0,0.7,0.467726308465774,0.5166676255479118,0,0,0.7277762190060457,0.03168023099715356,ECG5000,2189
0,0,0.2,shapley_sampling,feature_ablation,1.0,1.0,0.0,0.5909186688042983,0.5909186840252202,0,0,0.7277762190060457,0.03168023099715356,ECG5000,2189
0,0,0.05,shapley_sampling,mrsqm,1.0,1.0,0.0,0.19293947368634723,0.19293947097603903,0,0,0.7277762190060457,1.803399936761707e-05,ECG5000,2189
0,0,0.1,shapley_sampling,mrsqm,1.0,1.0,0.0,0.467726308465774,0.4677263125700498,0,0,0.7277762190060457,1.803399936761707e-05,ECG5000,2189
0,0,0.2,shapley_sampling,mrsqm,0.0,0.0,0.65,0.5909186688042983,0.4245160056711307,0,0,0.7277762190060457,1.803399936761707e-05,ECG5000,2189
0,0,0.05,feature_ablation,mrsqm,1.0,1.0,0.0,0.19293947444981274,0.19293947097603903,0,0,0.03168023099715356,1.803399936761707e-05,ECG5000,2189
0,0,0.1,feature_ablation,mrsqm,0.0,0.0,0.7,0.5166676255479118,0.4677263125700498,0,0,0.03168023099715356,1.803399936761707e-05,ECG5000,2189
0,0,0.2,feature_ablation,mrsqm,0.0,0.0,0.65,0.5909186840252202,0.4245160056711307,0,0,0.03168023099715356,1.803399936761707e-05,ECG5000,2189
0,0,0.05,hydra,shapley_sampling,0.0,0.0,0.8785714285714286,0.0905689188085318,0.22769243337679645,0,0,0.06272738999541616,0.7287872250017244,ECG5000,1842
0,0,0.1,hydra,shapley_sampling,0.0,0.0,0.85,0.1676189873480025,0.5254570952141429,0,0,0.06272738999541616,0.7287872250017244,ECG5000,1842
0,0,0.2,hydra,shapley_sampling,0.0,0.0,0.7785714285714286,0.26573626851233934,0.45266253921683286,0,0,0.06272738999541616,0.7287872250017244,ECG5000,1842
0,0,0.05,hydra,feature_ablation,0.0,0.0,0.8785714285714286,0.0905689188085318,0.2276924355191725,0,0,0.06272738999541616,0.03140418100520037,ECG5000,1842
0,0,0.1,hydra,feature_ablation,0.0,0.0,0.85,0.1676189873480025,0.5254570973803226,0,0,0.06272738999541616,0.03140418100520037,ECG5000,1842
0,0,0.2,hydra,feature_ablation,0.0,0.0,0.7785714285714286,0.26573626851233934,0.45266254847406406,0,0,0.06272738999541616,0.03140418100520037,ECG5000,1842
0,0,0.05,hydra,mrsqm,0.0,0.0,0.8785714285714286,0.0905689188085318,0.22769242309288595,0,0,0.06272738999541616,1.814400457078591e-05,ECG5000,1842
0,0,0.1,hydra,mrsqm,0.0,0.0,0.85,0.1676189873480025,0.5254570959381948,0,0,0.06272738999541616,1.814400457078591e-05,ECG5000,1842
0,0,0.2,hydra,mrsqm,0.0,0.0,0.7785714285714286,0.26573626851233934,0.4526625470600729,0,0,0.06272738999541616,1.814400457078591e-05,ECG5000,1842
0,0,0.05,shapley_sampling,feature_ablation,1.0,1.0,0.0,0.22769243337679645,0.2276924355191725,0,0,0.7287872250017244,0.03140418100520037,ECG5000,1842
0,0,0.1,shapley_sampling,feature_ablation,1.0,1.0,0.0,0.5254570952141429,0.5254570973803226,0,0,0.7287872250017244,0.03140418100520037,ECG5000,1842
0,0,0.2,shapley_sampling,feature_ablation,1.0,1.0,0.0,0.45266253921683286,0.45266254847406406,0,0,0.7287872250017244,0.03140418100520037,ECG5000,1842
0,0,0.05,shapley_sampling,mrsqm,1.0,1.0,0.0,0.22769243337679645,0.22769242309288595,0,0,0.7287872250017244,1.814400457078591e-05,ECG5000,1842
0,0,0.1,shapley_sampling,mrsqm,1.0,1.0,0.0,0.5254570952141429,0.5254570959381948,0,0,0.7287872250017244,1.814400457078591e-05,ECG5000,1842
0,0,0.2,shapley_sampling,mrsqm,1.0,1.0,0.0,0.45266253921683286,0.4526625470600729,0,0,0.7287872250017244,1.814400457078591e-05,ECG5000,1842
0,0,0.05,feature_ablation,mrsqm,1.0,1.0,0.0,0.2276924355191725,0.22769242309288595,0,0,0.03140418100520037,1.814400457078591e-05,ECG5000,1842
0,0,0.1,feature_ablation,mrsqm,1.0,1.0,0.0,0.5254570973803226,0.5254570959381948,0,0,0.03140418100520037,1.814400457078591e-05,ECG5000,1842
0,0,0.2,feature_ablation,mrsqm,1.0,1.0,0.0,0.45266254847406406,0.4526625470600729,0,0,0.03140418100520037,1.814400457078591e-05,ECG5000,1842
0,0,0.05,hydra,shapley_sampling,0.4,0.5714285714285714,0.02142857142857143,0.20435796860146027,0.35014449176500084,0,0,0.06290815099782776,0.7273104120031348,ECG5000,365
0,0,0.1,hydra,shapley_sampling,0.47368421052631576,0.6428571428571429,0.03571428571428571,0.376955178129601,0.25813976420102225,0,0,0.06290815099782776,0.7273104120031348,ECG5000,365
0,0,0.2,hydra,shapley_sampling,1.0,1.0,0.0,0.31388009171783793,0.31388009334822375,0,0,0.06290815099782776,0.7273104120031348,ECG5000,365
0,0,0.05,hydra,feature_ablation,0.4,0.5714285714285714,0.02142857142857143,0.20435796860146027,0.35014448721936065,0,0,0.06290815099782776,0.03134803599823499,ECG5000,365
0,0,0.1,hydra,feature_ablation,0.75,0.8571428571428571,0.014285714285714285,0.376955178129601,0.4220619693563995,0,0,0.06290815099782776,0.03134803599823499,ECG5000,365
0,0,0.2,hydra,feature_ablation,0.6,0.75,0.05,0.31388009171783793,0.5179755968104929,0,0,0.06290815099782776,0.03134803599823499,ECG5000,365
0,0,0.05,hydra,mrsqm,0.0,0.0,0.8785714285714286,0.20435796860146027,0.23856089709423745,0,0,0.06290815099782776,1.7031998140737414e-05,ECG5000,365
0,0,0.1,hydra,mrsqm,0.0,0.0,0.8642857142857143,0.376955178129601,0.41123139979897294,0,0,0.06290815099782776,1.7031998140737414e-05,ECG5000,365
0,0,0.2,hydra,mrsqm,0.0,0.0,0.8,0.31388009171783793,0.5062763474524085,0,0,0.06290815099782776,1.7031998140737414e-05,ECG5000,365
0,0,0.05,shapley_sampling,feature_ablation,1.0,1.0,0.0,0.35014449176500084,0.35014448721936065,0,0,0.7273104120031348,0.03134803599823499,ECG5000,365
0,0,0.1,shapley_sampling,feature_ablation,0.3333333333333333,0.5,0.05,0.25813976420102225,0.4220619693563995,0,0,0.7273104120031348,0.03134803599823499,ECG5000,365
0,0,0.2,shapley_sampling,feature_ablation,0.6,0.75,0.05,0.31388009334822375,0.5179755968104929,0,0,0.7273104120031348,0.03134803599823499,ECG5000,365
0,0,0.05,shapley_sampling,mrsqm,0.0,0.0,0.9,0.35014449176500084,0.23856089709423745,0,0,0.7273104120031348,1.7031998140737414e-05,ECG5000,365
0,0,0.1,shapley_sampling,mrsqm,0.0,0.0,0.9,0.25813976420102225,0.41123139979897294,0,0,0.7273104120031348,1.7031998140737414e-05,ECG5000,365
0,0,0.2,shapley_sampling,mrsqm,0.0,0.0,0.8,0.31388009334822375,0.5062763474524085,0,0,0.7273104120031348,1.7031998140737414e-05,ECG5000,365
0,0,0.05,feature_ablation,mrsqm,0.0,0.0,0.9,0.35014448721936065,0.23856089709423745,0,0,0.03134803599823499,1.7031998140737414e-05,ECG5000,365
0,0,0.1,feature_ablation,mrsqm,0.0,0.0,0.85,0.4220619693563995,0.41123139979897294,0,0,0.03134803599823499,1.7031998140737414e-05,ECG5000,365
0,0,0.2,feature_ablation,mrsqm,0.0,0.0,0.75,0.5179755968104929,0.5062763474524085,0,0,0.03134803599823499,1.7031998140737414e-05,ECG5000,365
0,0,0.05,hydra,shapley_sampling,0.0,0.0,0.9,0.19790701696070656,0.25705153186089946,0,0,0.06321930699778022,0.7267364399958751,ECG5000,1922
0,0,0.1,hydra,shapley_sampling,0.0,0.0,0.8642857142857143,0.19688645957093986,0.24493847592509144,0,0,0.06321930699778022,0.7267364399958751,ECG5000,1922
0,0,0.2,hydra,shapley_sampling,0.0,0.0,0.8,0.02342207413330477,0.43864606055821953,0,0,0.06321930699778022,0.7267364399958751,ECG5000,1922
0,0,0.05,hydra,feature_ablation,0.0,0.0,0.9,0.19790701696070656,0.2570515370823182,0,0,0.06321930699778022,0.03148504399723606,ECG5000,1922
0,0,0.1,hydra,feature_ablation,0.75,0.8571428571428571,0.014285714285714285,0.19688645957093986,0.20632864381655192,0,0,0.06321930699778022,0.03148504399723606,ECG5000,1922
0,0,0.2,hydra,feature_ablation,0.6,0.75,0.05,0.02342207413330477,0.2729340679451412,0,0,0.06321930699778022,0.03148504399723606,ECG5000,1922
0,0,0.05,hydra,mrsqm,0.0,0.0,0.9,0.19790701696070656,0.2570515329782148,0,0,0.06321930699778022,1.808399974834174e-05,ECG5000,1922
0,0,0.1,hydra,mrsqm,0.0,0.0,0.8642857142857143,0.19688645957093986,0.2449384743311993,0,0,0.06321930699778022,1.808399974834174e-05,ECG5000,1922
0,0,0.2,hydra,mrsqm,0.0,0.0,0.8,0.02342207413330477,0.4386460721412977,0,0,0.06321930699778022,1.808399974834174e-05,ECG5000,1922
0,0,0.05,shapley_sampling,feature_ablation,1.0,1.0,0.0,0.25705153186089946,0.2570515370823182,0,0,0.7267364399958751,0.03148504399723606,ECG5000,1922
0,0,0.1,shapley_sampling,feature_ablation,0.0,0.0,0.85,0.24493847592509144,0.20632864381655192,0,0,0.7267364399958751,0.03148504399723606,ECG5000,1922
0,0,0.2,shapley_sampling,feature_ablation,0.0,0.0,0.75,0.43864606055821953,0.2729340679451412,0,0,0.7267364399958751,0.03148504399723606,ECG5000,1922
0,0,0.05,shapley_sampling,mrsqm,1.0,1.0,0.0,0.25705153186089946,0.2570515329782148,0,0,0.7267364399958751,1.808399974834174e-05,ECG5000,1922
0,0,0.1,shapley_sampling,mrsqm,1.0,1.0,0.0,0.24493847592509144,0.2449384743311993,0,0,0.7267364399958751,1.808399974834174e-05,ECG5000,1922
0,0,0.2,shapley_sampling,mrsqm,1.0,1.0,0.0,0.43864606055821953,0.4386460721412977,0,0,0.7267364399958751,1.808399974834174e-05,ECG5000,1922
0,0,0.05,feature_ablation,mrsqm,1.0,1.0,0.0,0.2570515370823182,0.2570515329782148,0,0,0.03148504399723606,1.808399974834174e-05,ECG5000,1922
0,0,0.1,feature_ablation,mrsqm,0.0,0.0,0.85,0.20632864381655192,0.2449384743311993,0,0,0.03148504399723606,1.808399974834174e-05,ECG5000,1922
0,0,0.2,feature_ablation,mrsqm,0.0,0.0,0.75,0.2729340679451412,0.4386460721412977,0,0,0.03148504399723606,1.808399974834174e-05,ECG5000,1922
1,1,0.05,hydra,shapley_sampling,1.0,1.0,0.0,0.6237427731250955,0.623742763489985,0,0,0.06316200999572175,0.7252545779992943,ECG5000,3836
1,1,0.1,hydra,shapley_sampling,1.0,1.0,0.0,0.6113057368907071,0.6113057368510981,0,0,0.06316200999572175,0.7252545779992943,ECG5000,3836
1,1,0.2,hydra,shapley_sampling,0.0,0.0,0.3142857142857143,0.059726450756320215,0.7844316301674666,0,0,0.06316200999572175,0.7252545779992943,ECG5000,3836
1,1,0.05,hydra,feature_ablation,1.0,1.0,0.0,0.6237427731250955,0.6237427695124427,0,0,0.06316200999572175,0.0310708329998306,ECG5000,3836
1,1,0.1,hydra,feature_ablation,1.0,1.0,0.0,0.6113057368907071,0.6113057298538376,0,0,0.06316200999572175,0.0310708329998306,ECG5000,3836
1,1,0.2,hydra,feature_ablation,0.0,0.0,0.3142857142857143,0.059726450756320215,0.7844316263509448,0,0,0.06316200999572175,0.0310708329998306,ECG5000,3836
1,1,0.05,hydra,mrsqm,0.0,0.0,0.95,0.6237427731250955,0.16525856002786155,0,0,0.06316200999572175,1.7792997823562473e-05,ECG5000,3836
1,1,0.1,hydra,mrsqm,0.0,0.0,0.9,0.6113057368907071,0.059758679868577635,0,0,0.06316200999572175,1.7792997823562473e-05,ECG5000,3836
1,1,0.2,hydra,mrsqm,0.0,0.0,0.4857142857142857,0.059726450756320215,0.21063702044065957,0,0,0.06316200999572175,1.7792997823562473e-05,ECG5000,3836
1,1,0.05,shapley_sampling,feature_ablation,1.0,1.0,0.0,0.623742763489985,0.6237427695124427,0,0,0.7252545779992943,0.0310708329998306,ECG5000,3836
1,1,0.1,shapley_sampling,feature_ablation,1.0,1.0,0.0,0.6113057368510981,0.6113057298538376,0,0,0.7252545779992943,0.0310708329998306,ECG5000,3836
1,1,0.2,shapley_sampling,feature_ablation,1.0,1.0,0.0,0.7844316301674666,0.7844316263509448,0,0,0.7252545779992943,0.0310708329998306,ECG5000,3836
1,1,0.05,shapley_sampling,mrsqm,0.0,0.0,0.95,0.623742763489985,0.16525856002786155,0,0,0.7252545779992943,1.7792997823562473e-05,ECG5000,3836
1,1,0.1,shapley_sampling,mrsqm,0.0,0.0,0.9,0.6113057368510981,0.059758679868577635,0,0,0.7252545779992943,1.7792997823562473e-05,ECG5000,3836
1,1,0.2,shapley_sampling,mrsqm,0.0,0.0,0.8,0.7844316301674666,0.21063702044065957,0,0,0.7252545779992943,1.7792997823562473e-05,ECG5000,3836
1,1,0.05,feature_ablation,mrsqm,0.0,0.0,0.95,0.6237427695124427,0.16525856002786155,0,0,0.0310708329998306,1.7792997823562473e-05,ECG5000,3836
1,1,0.1,feature_ablation,mrsqm,0.0,0.0,0.9,0.6113057298538376,0.059758679868577635,0,0,0.0310708329998306,1.7792997823562473e-05,ECG5000,3836
1,1,0.2,feature_ablation,mrsqm,0.0,0.0,0.8,0.7844316263509448,0.21063702044065957,0,0,0.0310708329998306,1.7792997823562473e-05,ECG5000,3836
0,0,0.05,hydra,shapley_sampling,0.0,0.0,0.8928571428571429,0.29234514520750543,0.08600708153754799,0,0,0.062973554006021,0.7260167240019655,ECG5000,400
0,0,0.1,hydra,shapley_sampling,0.0,0.0,0.16428571428571428,0.43162033379430165,0.5641271500065016,0,0,0.062973554006021,0.7260167240019655,ECG5000,400
0,0,0.2,hydra,shapley_sampling,0.3333333333333333,0.5,0.1,0.27580764360465826,0.6787680845370654,0,0,0.062973554006021,0.7260167240019655,ECG5000,400
0,0,0.05,hydra,feature_ablation,0.75,0.8571428571428571,0.007142857142857143,0.29234514520750543,0.3141593988630397,0,0,0.062973554006021,0.03108406799583463,ECG5000,400
0,0,0.1,hydra,feature_ablation,0.75,0.8571428571428571,0.014285714285714285,0.43162033379430165,0.45289162880090417,0,0,0.062973554006021,0.03108406799583463,ECG5000,400
0,0,0.2,hydra,feature_ablation,0.6,0.75,0.05,0.27580764360465826,0.4829502347655197,0,0,0.062973554006021,0.03108406799583463,ECG5000,400
0,0,0.05,hydra,mrsqm,0.0,0.0,0.8928571428571429,0.29234514520750543,0.0860070833409341,0,0,0.062973554006021,1.875499583547935e-05,ECG5000,400
0,0,0.1,hydra,mrsqm,0.0,0.0,0.8642857142857143,0.43162033379430165,0.1895955609355522,0,0,0.062973554006021,1.875499583547935e-05,ECG5000,400
0,0,0.2,hydra,mrsqm,0.0,0.0,0.8,0.27580764360465826,0.20117481088830436,0,0,0.062973554006021,1.875499583547935e-05,ECG5000,400
0,0,0.05,shapley_sampling,feature_ablation,0.0,0.0,0.9,0.08600708153754799,0.3141593988630397,0,0,0.7260167240019655,0.03108406799583463,ECG5000,400
0,0,0.1,shapley_sampling,feature_ablation,0.0,0.0,0.15,0.5641271500065016,0.45289162880090417,0,0,0.7260167240019655,0.03108406799583463,ECG5000,400
0,0,0.2,shapley_sampling,feature_ablation,0.6,0.75,0.05,0.6787680845370654,0.4829502347655197,0,0,0.7260167240019655,0.03108406799583463,ECG5000,400
0,0,0.05,shapley_sampling,mrsqm,1.0,1.0,0.0,0.08600708153754799,0.0860070833409341,0,0,0.7260167240019655,1.875499583547935e-05,ECG5000,400
0,0,0.1,shapley_sampling,mrsqm,0.0,0.0,0.7,0.5641271500065016,0.1895955609355522,0,0,0.7260167240019655,1.875499583547935e-05,ECG5000,400
0,0,0.2,shapley_sampling,mrsqm,0.0,0.0,0.7,0.6787680845370654,0.20117481088830436,0,0,0.7260167240019655,1.875499583547935e-05,ECG5000,400
0,0,0.05,feature_ablation,mrsqm,0.0,0.0,0.9,0.3141593988630397,0.0860070833409341,0,0,0.03108406799583463,1.875499583547935e-05,ECG5000,400
0,0,0.1,feature_ablation,mrsqm,0.0,0.0,0.85,0.45289162880090417,0.1895955609355522,0,0,0.03108406799583463,1.875499583547935e-05,ECG5000,400
0,0,0.2,feature_ablation,mrsqm,0.0,0.0,0.75,0.4829502347655197,0.20117481088830436,0,0,0.03108406799583463,1.875499583547935e-05,ECG5000,400
1,1,0.05,hydra,shapley_sampling,0.0,0.0,0.2571428571428571,0.701732826147784,0.5689011552294168,0,0,0.06269857600273099,0.7266431649986771,ECG5000,3206
1,1,0.1,hydra,shapley_sampling,0.0,0.0,0.2571428571428571,0.7398247562488396,0.8007566594060669,0,0,0.06269857600273099,0.7266431649986771,ECG5000,3206
1,1,0.2,hydra,shapley_sampling,0.0,0.0,0.25,0.5432727247060913,0.7875678130659141,0,0,0.06269857600273099,0.7266431649986771,ECG5000,3206
1,1,0.05,hydra,feature_ablation,0.0,0.0,0.2571428571428571,0.701732826147784,0.5689011709120693,0,0,0.06269857600273099,0.0322726779995719,ECG5000,3206
1,1,0.1,hydra,feature_ablation,0.0,0.0,0.2571428571428571,0.7398247562488396,0.8007566541096003,0,0,0.06269857600273099,0.0322726779995719,ECG5000,3206
1,1,0.2,hydra,feature_ablation,0.0,0.0,0.25,0.5432727247060913,0.7875678268798894,0,0,0.06269857600273099,0.0322726779995719,ECG5000,3206
1,1,0.05,hydra,mrsqm,0.0,0.0,0.6928571428571428,0.701732826147784,0.128762636705527,0,0,0.06269857600273099,1.9917999452445656e-05,ECG5000,3206
1,1,0.1,hydra,mrsqm,0.0,0.0,0.6428571428571429,0.7398247562488396,-0.053092594368647106,0,0,0.06269857600273099,1.9917999452445656e-05,ECG5000,3206
1,1,0.2,hydra,mrsqm,0.0,0.0,0.55,0.5432727247060913,-0.02694048162958418,0,0,0.06269857600273099,1.9917999452445656e-05,ECG5000,3206
1,1,0.05,shapley_sampling,feature_ablation,1.0,1.0,0.0,0.5689011552294168,0.5689011709120693,0,0,0.7266431649986771,0.0322726779995719,ECG5000,3206
1,1,0.1,shapley_sampling,feature_ablation,1.0,1.0,0.0,0.8007566594060669,0.8007566541096003,0,0,0.7266431649986771,0.0322726779995719,ECG5000,3206
1,1,0.2,shapley_sampling,feature_ablation,1.0,1.0,0.0,0.7875678130659141,0.7875678268798894,0,0,0.7266431649986771,0.0322726779995719,ECG5000,3206
1,1,0.05,shapley_sampling,mrsqm,0.0,0.0,0.95,0.5689011552294168,0.128762636705527,0,0,0.7266431649986771,1.9917999452445656e-05,ECG5000,3206
1,1,0.1,shapley_sampling,mrsqm,0.0,0.0,0.9,0.8007566594060669,-0.053092594368647106,0,0,0.7266431649986771,1.9917999452445656e-05,ECG5000,3206
1,1,0.2,shapley_sampling,mrsqm,0.0,0.0,0.8,0.7875678130659141,-0.02694048162958418,0,0,0.7266431649986771,1.9917999452445656e-05,ECG5000,3206
1,1,0.05,feature_ablation,mrsqm,0.0,0.0,0.95,0.5689011709120693,0.128762636705527,0,0,0.0322726779995719,1.9917999452445656e-05,ECG5000,3206
1,1,0.1,feature_ablation,mrsqm,0.0,0.0,0.9,0.8007566541096003,-0.053092594368647106,0,0,0.0322726779995719,1.9917999452445656e-05,ECG5000,3206
1,1,0.2,feature_ablation,mrsqm,0.0,0.0,0.8,0.7875678268798894,-0.02694048162958418,0,0,0.0322726779995719,1.9917999452445656e-05,ECG5000,3206
1,1,0.05,hydra,shapley_sampling,0.5555555555555556,0.7142857142857143,0.014285714285714285,0.8345639236087892,0.614288782132888,0,0,0.06257693699444644,0.7295953970024129,ECG5000,3481
1,1,0.1,hydra,shapley_sampling,1.0,1.0,0.0,0.9990056615339225,0.9990056679459431,1,1,0.06257693699444644,0.7295953970024129,ECG5000,3481
1,1,0.2,hydra,shapley_sampling,0.8666666666666667,0.9285714285714286,0.014285714285714285,1.0312768848797362,1.0963881783568756,1,1,0.06257693699444644,0.7295953970024129,ECG5000,3481
1,1,0.05,hydra,feature_ablation,0.16666666666666666,0.2857142857142857,0.03571428571428571,0.8345639236087892,0.7215149947716156,0,0,0.06257693699444644,0.03147788999922341,ECG5000,3481
1,1,0.1,hydra,feature_ablation,1.0,1.0,0.0,0.9990056615339225,0.9990056714205764,1,1,0.06257693699444644,0.03147788999922341,ECG5000,3481
1,1,0.2,hydra,feature_ablation,0.8666666666666667,0.9285714285714286,0.014285714285714285,1.0312768848797362,1.0963881795506696,1,1,0.06257693699444644,0.03147788999922341,ECG5000,3481
1,1,0.05,hydra,mrsqm,0.0,0.0,0.9357142857142857,0.8345639236087892,0.2804346225137184,0,0,0.06257693699444644,1.7703001503832638e-05,ECG5000,3481
1,1,0.1,hydra,mrsqm,0.0,0.0,0.9,0.9990056615339225,0.1193932999039764,1,0,0.06257693699444644,1.7703001503832638e-05,ECG5000,3481
1,1,0.2,hydra,mrsqm,0.0,0.0,0.7857142857142857,1.0312768848797362,0.08333011369224597,1,0,0.06257693699444644,1.7703001503832638e-05,ECG5000,3481
1,1,0.05,shapley_sampling,feature_ablation,0.0,0.0,0.05,0.614288782132888,0.7215149947716156,0,0,0.7295953970024129,0.03147788999922341,ECG5000,3481
1,1,0.1,shapley_sampling,feature_ablation,1.0,1.0,0.0,0.9990056679459431,0.9990056714205764,1,1,0.7295953970024129,0.03147788999922341,ECG5000,3481
1,1,0.2,shapley_sampling,feature_ablation,1.0,1.0,0.0,1.0963881783568756,1.0963881795506696,1,1,0.7295953970024129,0.03147788999922341,ECG5000,3481
1,1,0.05,shapley_sampling,mrsqm,0.0,0.0,0.95,0.614288782132888,0.2804346225137184,0,0,0.7295953970024129,1.7703001503832638e-05,ECG5000,3481
1,1,0.1,shapley_sampling,mrsqm,0.0,0.0,0.9,0.9990056679459431,0.1193932999039764,1,0,0.7295953970024129,1.7703001503832638e-05,ECG5000,3481
1,1,0.2,shapley_sampling,mrsqm,0.0,0.0,0.8,1.0963881783568756,0.08333011369224597,1,0,0.7295953970024129,1.7703001503832638e-05,ECG5000,3481
1,1,0.05,feature_ablation,mrsqm,0.0,0.0,0.9,0.7215149947716156,0.2804346225137184,0,0,0.03147788999922341,1.7703001503832638e-05,ECG5000,3481
1,1,0.1,feature_ablation,mrsqm,0.0,0.0,0.9,0.9990056714205764,0.1193932999039764,1,0,0.03147788999922341,1.7703001503832638e-05,ECG5000,3481
1,1,0.2,feature_ablation,mrsqm,0.0,0.0,0.8,1.0963881795506696,0.08333011369224597,1,0,0.03147788999922341,1.7703001503832638e-05,ECG5000,3481
0,0,0.05,hydra,shapley_sampling,0.16666666666666666,0.2857142857142857,0.03571428571428571,-0.11332881474452994,0.10970980914931383,0,0,0.062481827997544315,0.7305968639993807,ECG5000,1866
0,0,0.1,hydra,shapley_sampling,0.75,0.8571428571428571,0.014285714285714285,0.11567429246081762,0.31247025543957807,0,0,0.062481827997544315,0.7305968639993807,ECG5000,1866
0,0,0.2,hydra,shapley_sampling,0.0,0.0,0.8,0.22101350223518568,0.13763699833936294,0,0,0.062481827997544315,0.7305968639993807,ECG5000,1866
0,0,0.05,hydra,feature_ablation,0.0,0.0,0.7642857142857142,-0.11332881474452994,0.1456941536159697,0,0,0.062481827997544315,0.0316622779937461,ECG5000,1866
0,0,0.1,hydra,feature_ablation,0.0,0.0,0.7857142857142857,0.11567429246081762,0.316641606060162,0,0,0.062481827997544315,0.0316622779937461,ECG5000,1866
0,0,0.2,hydra,feature_ablation,0.0,0.0,0.8,0.22101350223518568,0.13763698259347334,0,0,0.062481827997544315,0.0316622779937461,ECG5000,1866
0,0,0.05,hydra,mrsqm,0.16666666666666666,0.2857142857142857,0.03571428571428571,-0.11332881474452994,0.1097098071820104,0,0,0.062481827997544315,1.7462996765971184e-05,ECG5000,1866
0,0,0.1,hydra,mrsqm,0.75,0.8571428571428571,0.014285714285714285,0.11567429246081762,0.31247025211331503,0,0,0.062481827997544315,1.7462996765971184e-05,ECG5000,1866
0,0,0.2,hydra,mrsqm,1.0,1.0,0.0,0.22101350223518568,0.22101349149466132,0,0,0.062481827997544315,1.7462996765971184e-05,ECG5000,1866
0,0,0.05,shapley_sampling,feature_ablation,0.0,0.0,0.8,0.10970980914931383,0.1456941536159697,0,0,0.7305968639993807,0.0316622779937461,ECG5000,1866
0,0,0.1,shapley_sampling,feature_ablation,0.0,0.0,0.8,0.31247025543957807,0.316641606060162,0,0,0.7305968639993807,0.0316622779937461,ECG5000,1866
0,0,0.2,shapley_sampling,feature_ablation,1.0,1.0,0.0,0.13763699833936294,0.13763698259347334,0,0,0.7305968639993807,0.0316622779937461,ECG5000,1866
0,0,0.05,shapley_sampling,mrsqm,1.0,1.0,0.0,0.10970980914931383,0.1097098071820104,0,0,0.7305968639993807,1.7462996765971184e-05,ECG5000,1866
0,0,0.1,shapley_sampling,mrsqm,1.0,1.0,0.0,0.31247025543957807,0.31247025211331503,0,0,0.7305968639993807,1.7462996765971184e-05,ECG5000,1866
0,0,0.2,shapley_sampling,mrsqm,0.0,0.0,0.8,0.13763699833936294,0.22101349149466132,0,0,0.7305968639993807,1.7462996765971184e-05,ECG5000,1866
0,0,0.05,feature_ablation,mrsqm,0.0,0.0,0.8,0.1456941536159697,0.1097098071820104,0,0,0.0316622779937461,1.7462996765971184e-05,ECG5000,1866
0,0,0.1,feature_ablation,mrsqm,0.0,0.0,0.8,0.316641606060162,0.31247025211331503,0,0,0.0316622779937461,1.7462996765971184e-05,ECG5000,1866
0,0,0.2,feature_ablation,mrsqm,0.0,0.0,0.8,0.13763698259347334,0.22101349149466132,0,0,0.0316622779937461,1.7462996765971184e-05,ECG5000,1866
1,1,0.05,hydra,shapley_sampling,0.4,0.5714285714285714,0.02142857142857143,0.6130488046836458,0.5068878943106732,0,0,0.06290216900379164,0.7318371610017493,ECG5000,3026
1,1,0.1,hydra,shapley_sampling,0.0,0.0,0.36428571428571427,0.1438693882776083,0.7061790610776326,0,0,0.06290216900379164,0.7318371610017493,ECG5000,3026
1,1,0.2,hydra,shapley_sampling,0.0,0.0,0.36428571428571427,0.05021848039495658,0.7721637620882205,0,0,0.06290216900379164,0.7318371610017493,ECG5000,3026
1,1,0.05,hydra,feature_ablation,0.4,0.5714285714285714,0.02142857142857143,0.6130488046836458,0.5068878900538658,0,0,0.06290216900379164,0.031022282004414592,ECG5000,3026
1,1,0.1,hydra,feature_ablation,0.0,0.0,0.36428571428571427,0.1438693882776083,0.7061790589154255,0,0,0.06290216900379164,0.031022282004414592,ECG5000,3026
1,1,0.2,hydra,feature_ablation,0.0,0.0,0.36428571428571427,0.05021848039495658,0.7721637696511661,0,0,0.06290216900379164,0.031022282004414592,ECG5000,3026
1,1,0.05,hydra,mrsqm,0.0,0.0,0.9285714285714286,0.6130488046836458,0.3741176030700233,0,0,0.06290216900379164,1.777400029823184e-05,ECG5000,3026
1,1,0.1,hydra,mrsqm,0.0,0.0,0.5357142857142857,0.1438693882776083,0.40776577550310567,0,0,0.06290216900379164,1.777400029823184e-05,ECG5000,3026
1,1,0.2,hydra,mrsqm,0.0,0.0,0.4357142857142857,0.05021848039495658,0.14224926392037585,0,0,0.06290216900379164,1.777400029823184e-05,ECG5000,3026
1,1,0.05,shapley_sampling,feature_ablation,1.0,1.0,0.0,0.5068878943106732,0.5068878900538658,0,0,0.7318371610017493,0.031022282004414592,ECG5000,3026
1,1,0.1,shapley_sampling,feature_ablation,1.0,1.0,0.0,0.7061790610776326,0.7061790589154255,0,0,0.7318371610017493,0.031022282004414592,ECG5000,3026
1,1,0.2,shapley_sampling,feature_ablation,1.0,1.0,0.0,0.7721637620882205,0.7721637696511661,0,0,0.7318371610017493,0.031022282004414592,ECG5000,3026
1,1,0.05,shapley_sampling,mrsqm,0.0,0.0,0.95,0.5068878943106732,0.3741176030700233,0,0,0.7318371610017493,1.777400029823184e-05,ECG5000,3026
1,1,0.1,shapley_sampling,mrsqm,0.0,0.0,0.9,0.7061790610776326,0.40776577550310567,0,0,0.7318371610017493,1.777400029823184e-05,ECG5000,3026
1,1,0.2,shapley_sampling,mrsqm,0.0,0.0,0.8,0.7721637620882205,0.14224926392037585,0,0,0.7318371610017493,1.777400029823184e-05,ECG5000,3026
1,1,0.05,feature_ablation,mrsqm,0.0,0.0,0.95,0.5068878900538658,0.3741176030700233,0,0,0.031022282004414592,1.777400029823184e-05,ECG5000,3026
1,1,0.1,feature_ablation,mrsqm,0.0,0.0,0.9,0.7061790589154255,0.40776577550310567,0,0,0.031022282004414592,1.777400029823184e-05,ECG5000,3026
1,1,0.2,feature_ablation,mrsqm,0.0,0.0,0.8,0.7721637696511661,0.14224926392037585,0,0,0.031022282004414592,1.777400029823184e-05,ECG5000,3026
0,0,0.05,hydra,shapley_sampling,0.0,0.0,0.8785714285714286,0.10083574522945904,0.10018119387294044,0,0,0.06275643499975558,0.7289533570001367,ECG5000,2242
0,0,0.1,hydra,shapley_sampling,0.0,0.0,0.85,0.22953718534136192,0.4075392231117576,0,0,0.06275643499975558,0.7289533570001367,ECG5000,2242
0,0,0.2,hydra,shapley_sampling,0.0,0.0,0.7857142857142857,0.21586506515405535,0.3585306946763135,0,0,0.06275643499975558,0.7289533570001367,ECG5000,2242
0,0,0.05,hydra,feature_ablation,0.0,0.0,0.12857142857142856,0.10083574522945904,0.1853410393368482,0,0,0.06275643499975558,0.031200167002680246,ECG5000,2242
0,0,0.1,hydra,feature_ablation,0.0,0.0,0.15,0.22953718534136192,0.5797770914059207,0,0,0.06275643499975558,0.031200167002680246,ECG5000,2242
0,0,0.2,hydra,feature_ablation,0.696969696969697,0.8214285714285714,0.03571428571428571,0.21586506515405535,0.3832465484321814,0,0,0.06275643499975558,0.031200167002680246,ECG5000,2242
0,0,0.05,hydra,mrsqm,0.0,0.0,0.8785714285714286,0.10083574522945904,0.10018119118214097,0,0,0.06275643499975558,1.724200410535559e-05,ECG5000,2242
0,0,0.1,hydra,mrsqm,0.0,0.0,0.85,0.22953718534136192,0.40753921861152054,0,0,0.06275643499975558,1.724200410535559e-05,ECG5000,2242
0,0,0.2,hydra,mrsqm,0.0,0.0,0.7857142857142857,0.21586506515405535,0.3585307045551467,0,0,0.06275643499975558,1.724200410535559e-05,ECG5000,2242
0,0,0.05,shapley_sampling,feature_ablation,0.0,0.0,0.75,0.10018119387294044,0.1853410393368482,0,0,0.7289533570001367,0.031200167002680246,ECG5000,2242
0,0,0.1,shapley_sampling,feature_ablation,0.0,0.0,0.7,0.4075392231117576,0.5797770914059207,0,0,0.7289533570001367,0.031200167002680246,ECG5000,2242
0,0,0.2,shapley_sampling,feature_ablation,0.0,0.0,0.75,0.3585306946763135,0.3832465484321814,0,0,0.7289533570001367,0.031200167002680246,ECG5000,2242
0,0,0.05,shapley_sampling,mrsqm,1.0,1.0,0.0,0.10018119387294044,0.10018119118214097,0,0,0.7289533570001367,1.724200410535559e-05,ECG5000,2242
0,0,0.1,shapley_sampling,mrsqm,1.0,1.0,0.0,0.4075392231117576,0.40753921861152054,0,0,0.7289533570001367,1.724200410535559e-05,ECG5000,2242
0,0,0.2,shapley_sampling,mrsqm,1.0,1.0,0.0,0.3585306946763135,0.3585307045551467,0,0,0.7289533570001367,1.724200410535559e-05,ECG5000,2242
0,0,0.05,feature_ablation,mrsqm,0.0,0.0,0.75,0.1853410393368482,0.10018119118214097,0,0,0.031200167002680246,1.724200410535559e-05,ECG5000,2242
0,0,0.1,feature_ablation,mrsqm,0.0,0.0,0.7,0.5797770914059207,0.40753921861152054,0,0,0.031200167002680246,1.724200410535559e-05,ECG5000,2242
0,0,0.2,feature_ablation,mrsqm,0.0,0.0,0.75,0.3832465484321814,0.3585307045551467,0,0,0.031200167002680246,1.724200410535559e-05,ECG5000,2242
